Date,COL,NG,OTH,SUN,WAT,WND
2023-01-01,116195.0,31078.0,20609.0,16145.0,12377.0,12438.0
2023-01-02,131192.0,47873.0,26254.0,21460.0,16944.0,3205.0
2023-01-03,139840.0,64169.0,24548.0,23865.0,12909.0,13041.0
2023-01-04,138750.0,62260.0,22091.0,5205.0,6385.0,12432.0
2023-01-05,97901.0,96371.0,24521.0,7540.0,1272.0,16718.0
2023-01-06,59590.0,96070.0,23344.0,30210.0,5627.0,10332.0
2023-01-07,55593.0,105263.0,23204.0,15975.0,7285.0,762.0
2023-01-08,65915.0,85276.0,23832.0,19470.0,5478.0,17819.0
2023-01-09,56340.0,106614.0,26402.0,6655.0,14396.0,22306.0
2023-01-10,63312.0,87960.0,19576.0,12940.0,15889.0,29781.0
2023-01-11,59620.0,85258.0,22059.0,20565.0,20779.0,11163.0
2023-01-12,57283.0,73242.0,24581.0,23405.0,26723.0,499.0
2023-01-13,65276.0,76327.0,22046.0,17455.0,8996.0,4136.0
2023-01-14,62003.0,77471.0,22251.0,4970.0,1658.0,16266.0
2023-01-15,51666.0,79298.0,20691.0,15900.0,6541.0,25618.0
2023-01-16,48931.0,77832.0,21501.0,22690.0,7529.0,13309.0
2023-01-17,61527.0,91767.0,22706.0,24850.0,9387.0,6325.0
2023-01-18,54033.0,106317.0,24157.0,32350.0,9338.0,947.0
2023-01-19,66785.0,98721.0,24255.0,24760.0,11878.0,11620.0
2023-01-20,62146.0,100412.0,23963.0,34305.0,10792.0,6592.0
2023-01-21,56732.0,82100.0,22153.0,34415.0,5470.0,499.0
2023-01-22,54242.0,69550.0,21485.0,33905.0,5314.0,8187.0
2023-01-23,54612.0,92753.0,15783.0,34155.0,11116.0,10447.0
2023-01-24,58225.0,96329.0,24484.0,35260.0,13938.0,89.0
2023-01-25,68891.0,94683.0,24704.0,35035.0,14049.0,150.0
2023-01-26,60444.0,72695.0,23981.0,35185.0,11983.0,1468.0
2023-01-27,55974.0,60903.0,23680.0,35850.0,1859.0,10533.0
2023-01-28,42739.0,65876.0,22407.0,35695.0,6851.0,3290.0
2023-01-29,54789.0,86138.0,22107.0,30030.0,8577.0,15135.0
2023-01-30,67875.0,161984.0,27313.0,15985.0,9426.0,11828.0
2023-01-31,56062.0,115868.0,24809.0,37835.0,16876.0,4949.0
2023-02-01,59624.0,107040.0,23941.0,37355.0,11153.0,57.0
2023-02-02,60818.0,81274.0,23062.0,32410.0,6827.0,30.0
2023-02-03,51892.0,76962.0,25775.0,24395.0,7722.0,3510.0
2023-02-04,30602.0,92714.0,22649.0,33760.0,9363.0,3083.0
2023-02-05,25361.0,84918.0,20811.0,34779.0,8177.0,16203.0
2023-02-06,26156.0,85276.0,21184.0,38571.0,11441.0,4697.0
2023-02-07,30926.0,105396.0,23082.0,38635.0,9098.0,2927.0
2023-02-08,26767.0,110714.0,23160.0,38390.0,12170.0,4952.0
2023-02-09,31402.0,110403.0,23373.0,39380.0,13647.0,3462.0
2023-02-10,30242.0,96558.0,23208.0,39090.0,9758.0,26.0
2023-02-11,28592.0,98962.0,21951.0,33680.0,8324.0,1323.0
2023-02-12,29957.0,107612.0,23014.0,20630.0,8292.0,5853.0
2023-02-13,25918.0,93684.0,23237.0,36110.0,16736.0,9576.0
2023-02-14,30208.0,112450.0,25263.0,25234.0,9302.0,15345.0
2023-02-15,29150.0,119173.0,25259.0,40661.0,12446.0,24607.0
2023-02-16,38151.0,127101.0,25134.0,37310.0,18846.0,541.0
2023-02-17,40104.0,129094.0,25597.0,28525.0,3522.0,944.0
2023-02-18,28402.0,92384.0,22161.0,35890.0,6597.0,14182.0
2023-02-19,24890.0,77925.0,21253.0,40115.0,18701.0,3640.0
2023-02-20,29878.0,83351.0,20192.0,41075.0,16859.0,1645.0
2023-02-21,25197.0,112824.0,21821.0,30795.0,8449.0,24167.0
2023-02-22,28662.0,135404.0,24184.0,37040.0,8641.0,10540.0
2023-02-23,40106.0,155783.0,25860.0,23245.0,6656.0,17093.0
2023-02-24,62551.0,166232.0,28799.0,9290.0,13262.0,12389.0
2023-02-25,70161.0,168644.0,27415.0,17905.0,8284.0,147.0
2023-02-26,50599.0,97706.0,22325.0,40430.0,8220.0,25478.0
2023-02-27,50771.0,126881.0,25140.0,33085.0,11122.0,28136.0
2023-02-28,43874.0,113847.0,25146.0,36415.0,6947.0,20248.0
2023-03-01,44104.0,130764.0,24729.0,19945.0,9356.0,13055.0
2023-03-02,47433.0,112395.0,23879.0,46030.0,16981.0,6828.0
2023-03-03,48083.0,98250.0,22539.0,45715.0,7784.0,2830.0
2023-03-04,31131.0,74234.0,21099.0,37910.0,16226.0,16822.0
2023-03-05,30026.0,101798.0,20753.0,31755.0,9544.0,24467.0
2023-03-06,29387.0,108184.0,23305.0,40160.0,8347.0,8363.0
2023-03-07,29040.0,95346.0,22500.0,44235.0,14534.0,1355.0
2023-03-08,29507.0,95433.0,23285.0,29685.0,24495.0,13078.0
2023-03-09,29902.0,98553.0,23689.0,39495.0,18677.0,8047.0
2023-03-10,27753.0,104866.0,24669.0,17015.0,18547.0,31333.0
2023-03-11,25344.0,71641.0,21799.0,35845.0,23863.0,6773.0
2023-03-12,29236.0,95942.0,19476.0,43825.0,29135.0,6037.0
2023-03-13,28339.0,105769.0,22270.0,43320.0,22042.0,4345.0
2023-03-14,31453.0,119546.0,27636.0,10525.0,35992.0,18837.0
2023-03-15,27289.0,85514.0,24273.0,27200.0,25119.0,15409.0
2023-03-16,26940.0,89861.0,21658.0,48120.0,17482.0,9768.0
2023-03-17,27805.0,86253.0,22581.0,47460.0,11761.0,3515.0
2023-03-18,25108.0,93792.0,19288.0,43965.0,13186.0,1109.0
2023-03-19,26794.0,81940.0,20439.0,21200.0,10126.0,9960.0
2023-03-20,25975.0,84403.0,22586.0,33430.0,10363.0,16046.0
2023-03-21,26302.0,93727.0,21773.0,18685.0,17593.0,11424.0
2023-03-22,25324.0,83703.0,20445.0,43890.0,18952.0,27148.0
2023-03-23,24617.0,88881.0,18781.0,45685.0,24939.0,13796.0
2023-03-24,24661.0,79486.0,12434.0,49860.0,19435.0,12138.0
2023-03-25,23798.0,67581.0,0.0,49425.0,26249.0,2848.0
2023-03-26,22865.0,81039.0,0.0,49125.0,30153.0,2268.0
2023-03-27,23578.0,96747.0,0.0,51560.0,26642.0,312.0
2023-03-28,24245.0,81767.0,0.0,39800.0,23025.0,11844.0
2023-03-29,23149.0,86404.0,0.0,28045.0,41737.0,21398.0
2023-03-30,22835.0,66650.0,9718.0,35120.0,27230.0,4328.0
2023-03-31,27019.0,76991.0,16640.0,41035.0,21264.0,15565.0
2023-04-01,723.0,60047.0,14969.0,52180.0,18818.0,1043.0
2023-04-02,0.0,39619.0,15603.0,51325.0,38640.0,2094.0
2023-04-03,0.0,77923.0,17163.0,44202.0,29147.0,2641.0
2023-04-04,0.0,89606.0,19652.0,52348.0,31840.0,1918.0
2023-04-05,0.0,121660.0,19512.0,52995.0,26793.0,249.0
2023-04-06,0.0,112791.0,19920.0,53835.0,32427.0,10.0
2023-04-07,0.0,80789.0,20953.0,45020.0,52562.0,604.0
2023-04-08,0.0,60556.0,18435.0,48665.0,37562.0,1227.0
2023-04-09,0.0,98353.0,19120.0,52710.0,39616.0,169.0
2023-04-10,0.0,118280.0,20576.0,52455.0,35538.0,378.0
2023-04-11,12808.0,111377.0,18567.0,48680.0,22922.0,15019.0
2023-04-12,21685.0,93680.0,21671.0,39130.0,27102.0,22100.0
2023-04-13,21663.0,82514.0,20540.0,53055.0,25344.0,21515.0
2023-04-14,22168.0,92447.0,21573.0,53885.0,17486.0,4114.0
2023-04-15,21735.0,89503.0,20852.0,53875.0,22747.0,911.0
2023-04-16,22023.0,80722.0,20867.0,52705.0,30161.0,7673.0
2023-04-17,22825.0,59942.0,19160.0,52970.0,30966.0,21063.0
2023-04-18,22296.0,71058.0,19601.0,50310.0,26420.0,28178.0
2023-04-19,21741.0,58260.0,20611.0,55935.0,33289.0,8273.0
2023-04-20,22993.0,80033.0,21573.0,54685.0,22767.0,3739.0
2023-04-21,21886.0,98106.0,21963.0,53710.0,26230.0,8358.0
2023-04-22,23649.0,81438.0,21516.0,53575.0,21580.0,6662.0
2023-04-23,25889.0,75125.0,19281.0,52075.0,19425.0,3830.0
2023-04-24,43033.0,62187.0,17974.0,53930.0,23807.0,9300.0
2023-04-25,48740.0,44460.0,20019.0,54475.0,35244.0,11638.0
2023-04-26,44859.0,64409.0,21431.0,54875.0,24596.0,1968.0
2023-04-27,24265.0,64123.0,22218.0,53375.0,26466.0,1991.0
2023-04-28,23219.0,77354.0,21992.0,54320.0,25749.0,5849.0
2023-04-29,21916.0,81914.0,20675.0,53224.0,29445.0,1258.0
2023-04-30,21766.0,64684.0,17768.0,52860.0,26741.0,10773.0
2023-05-01,21811.0,67217.0,20478.0,52327.0,27693.0,16553.0
2023-05-02,22664.0,57404.0,20145.0,53944.0,28198.0,20535.0
2023-05-03,24190.0,71301.0,18712.0,50850.0,18174.0,6809.0
2023-05-04,25005.0,65374.0,18771.0,41069.0,21461.0,12626.0
2023-05-05,22759.0,62192.0,17404.0,54217.0,29066.0,9092.0
2023-05-06,22741.0,43050.0,15555.0,46149.0,35448.0,12388.0
2023-05-07,22850.0,45344.0,14457.0,56693.0,42574.0,4956.0
2023-05-08,22788.0,58815.0,16247.0,56773.0,24208.0,12919.0
2023-05-09,23390.0,55021.0,16850.0,50375.0,32254.0,7241.0
2023-05-10,22007.0,64927.0,16581.0,56950.0,18756.0,5476.0
2023-05-11,21725.0,79510.0,16873.0,56173.0,19788.0,3193.0
2023-05-12,22702.0,59905.0,16639.0,55635.0,45864.0,6381.0
2023-05-13,22574.0,65283.0,15723.0,51656.0,30213.0,5702.0
2023-05-14,22382.0,69207.0,16277.0,50442.0,35618.0,6583.0
2023-05-15,22910.0,86067.0,18868.0,48483.0,27700.0,1118.0
2023-05-16,22391.0,77732.0,23307.0,41287.0,25111.0,1879.0
2023-05-17,23777.0,100259.0,20818.0,51112.0,21107.0,2870.0
2023-05-18,22985.0,81476.0,19770.0,53243.0,28375.0,3291.0
2023-05-19,22669.0,94388.0,19056.0,51061.0,27627.0,2589.0
2023-05-20,23203.0,58350.0,17512.0,43527.0,37275.0,2832.0
2023-05-21,22587.0,68454.0,20801.0,49025.0,21744.0,5622.0
2023-05-22,23369.0,91757.0,21113.0,44930.0,20584.0,8502.0
2023-05-23,21741.0,73731.0,19592.0,55055.0,21015.0,9541.0
2023-05-24,21845.0,82181.0,20193.0,53955.0,26154.0,8827.0
2023-05-25,21725.0,61007.0,15826.0,53695.0,25114.0,7632.0
2023-05-26,24138.0,45273.0,15871.0,56445.0,23358.0,7097.0
2023-05-27,22644.0,35909.0,15101.0,55300.0,24714.0,6071.0
2023-05-28,23967.0,50227.0,15334.0,55680.0,25220.0,4250.0
2023-05-29,22185.0,41620.0,15911.0,55605.0,31619.0,7533.0
2023-05-30,21751.0,55769.0,16638.0,47325.0,29341.0,5960.0
2023-05-31,21704.0,54394.0,18119.0,54394.0,19976.0,6094.0
2023-06-01,21826.0,67120.0,18627.0,54426.0,21981.0,4521.0
2023-06-02,22564.0,77107.0,21034.0,55350.0,19820.0,4436.0
2023-06-03,22958.0,64811.0,20009.0,54690.0,29230.0,6162.0
2023-06-04,22805.0,86196.0,19712.0,54680.0,32690.0,1514.0
2023-06-05,22695.0,123326.0,23622.0,44265.0,22504.0,3346.0
2023-06-06,22381.0,102945.0,23921.0,47130.0,18859.0,7699.0
2023-06-07,23305.0,92772.0,24899.0,26985.0,14242.0,7409.0
2023-06-08,23616.0,79005.0,22707.0,51535.0,12253.0,5601.0
2023-06-09,22861.0,83273.0,22122.0,49985.0,7561.0,4565.0
2023-06-10,22682.0,81690.0,22422.0,40355.0,8248.0,1485.0
2023-06-11,21778.0,75377.0,20205.0,37370.0,11563.0,3971.0
2023-06-12,22095.0,82054.0,23304.0,49215.0,11643.0,5530.0
2023-06-13,21720.0,68212.0,19716.0,55689.0,17691.0,2168.0
2023-06-14,22870.0,60465.0,19266.0,49513.0,16204.0,8641.0
2023-06-15,22717.0,78591.0,19492.0,44048.0,15049.0,4598.0
2023-06-16,22650.0,85131.0,18367.0,43869.0,16245.0,1611.0
2023-06-17,22981.0,61836.0,17553.0,54267.0,15566.0,9874.0
2023-06-18,22913.0,51307.0,16989.0,57384.0,18625.0,23699.0
2023-06-19,21754.0,46522.0,17767.0,54660.0,16907.0,25581.0
2023-06-20,23302.0,56690.0,18457.0,59000.0,19159.0,18317.0
2023-06-21,22621.0,90500.0,24736.0,57295.0,15350.0,2708.0
2023-06-22,21728.0,90629.0,23674.0,58549.0,13093.0,6995.0
2023-06-23,22624.0,63796.0,10959.0,57975.0,18916.0,18785.0
2023-06-24,23083.0,73369.0,0.0,54870.0,20028.0,4912.0
2023-06-25,22077.0,80202.0,0.0,58328.0,16109.0,11009.0
2023-06-26,21678.0,82841.0,10249.0,58773.0,12167.0,12866.0
2023-06-27,22165.0,85012.0,19647.0,57418.0,9114.0,9624.0
2023-06-28,21716.0,78251.0,19240.0,56939.0,8744.0,6222.0
2023-06-29,23096.0,91631.0,18500.0,53488.0,16242.0,4978.0
2023-06-30,24059.0,87556.0,19392.0,54095.0,15099.0,2298.0
2023-07-01,40217.0,115235.0,20239.0,53685.0,6544.0,1138.0
2023-07-02,47701.0,130405.0,20450.0,53535.0,15593.0,952.0
2023-07-03,47603.0,142473.0,22323.0,54377.0,10632.0,10470.0
2023-07-04,47721.0,99155.0,19315.0,56353.0,13019.0,10376.0
2023-07-05,47707.0,107744.0,20264.0,54360.0,15927.0,3783.0
2023-07-06,45956.0,108748.0,21367.0,56315.0,16968.0,13014.0
2023-07-07,45454.0,81773.0,22474.0,56675.0,15870.0,12346.0
2023-07-08,45000.0,69552.0,20728.0,56210.0,17111.0,10955.0
2023-07-09,45012.0,97261.0,21275.0,56365.0,10194.0,14920.0
2023-07-10,71527.0,128650.0,23292.0,55380.0,12585.0,19533.0
2023-07-11,83088.0,137060.0,25102.0,48045.0,16301.0,13938.0
2023-07-12,71982.0,156797.0,25892.0,53165.0,19294.0,17621.0
2023-07-13,76404.0,171109.0,26557.0,53945.0,11904.0,7471.0
2023-07-14,50707.0,182299.0,26821.0,52715.0,21390.0,5543.0
2023-07-15,49668.0,195918.0,25710.0,51715.0,10046.0,2209.0
2023-07-16,50938.0,214965.0,25194.0,46925.0,22758.0,2465.0
2023-07-17,90173.0,212786.0,27776.0,43150.0,20036.0,12495.0
2023-07-18,83076.0,172784.0,27166.0,50295.0,11761.0,10396.0
2023-07-19,58364.0,208404.0,28099.0,51435.0,20192.0,6623.0
2023-07-20,72823.0,212990.0,27148.0,51370.0,21202.0,2475.0
2023-07-21,53866.0,184230.0,25731.0,50955.0,12959.0,1591.0
2023-07-22,55578.0,165901.0,25374.0,48330.0,11956.0,3944.0
2023-07-23,51143.0,197863.0,25023.0,36665.0,10473.0,7220.0
2023-07-24,37054.0,189909.0,26314.0,50600.0,18546.0,15159.0
2023-07-25,36121.0,244258.0,25820.0,46675.0,19577.0,5976.0
2023-07-26,76161.0,232242.0,28087.0,49020.0,20478.0,5770.0
2023-07-27,59789.0,215187.0,22313.0,52862.0,12570.0,15012.0
2023-07-28,64125.0,207664.0,20778.0,51478.0,11654.0,11670.0
2023-07-29,62317.0,188704.0,19952.0,42845.0,19843.0,9371.0
2023-07-30,61466.0,181386.0,18061.0,43260.0,17673.0,6450.0
2023-07-31,76573.0,227649.0,21996.0,31385.0,23499.0,9486.0
2023-08-01,67387.0,217114.0,24535.0,30845.0,18456.0,9635.0
2023-08-02,79743.0,187290.0,22725.0,43995.0,4656.0,3523.0
2023-08-03,53632.0,154385.0,18606.0,53105.0,11895.0,4252.0
2023-08-04,47644.0,149168.0,18273.0,52688.0,13784.0,3102.0
2023-08-05,53562.0,153177.0,17895.0,52730.0,15130.0,2393.0
2023-08-06,52418.0,171484.0,17802.0,52352.0,18861.0,2745.0
2023-08-07,55693.0,178692.0,19585.0,52736.0,13944.0,6883.0
2023-08-08,49698.0,166241.0,21255.0,52641.0,14933.0,5252.0
2023-08-09,49746.0,169318.0,24888.0,39474.0,20580.0,8408.0
2023-08-10,52672.0,163834.0,25515.0,33825.0,12412.0,14221.0
2023-08-11,51221.0,160276.0,25422.0,48304.0,9509.0,10843.0
2023-08-12,54984.0,145839.0,23010.0,47220.0,8729.0,6603.0
2023-08-13,59941.0,172178.0,25311.0,43690.0,18608.0,2346.0
2023-08-14,65514.0,211883.0,27419.0,46975.0,17979.0,2401.0
2023-08-15,68891.0,237493.0,26975.0,32935.0,15848.0,3134.0
2023-08-16,75112.0,223397.0,27549.0,37175.0,16272.0,1440.0
2023-08-17,60866.0,207186.0,24337.0,46555.0,14253.0,4812.0
2023-08-18,57996.0,155753.0,23418.0,41655.0,14874.0,11219.0
2023-08-19,49426.0,143948.0,23773.0,22763.0,7007.0,9417.0
2023-08-20,46456.0,178078.0,24890.0,6627.0,22400.0,1769.0
2023-08-21,47422.0,141163.0,22046.0,40305.0,12436.0,11883.0
2023-08-22,55081.0,150006.0,23870.0,48775.0,16706.0,524.0
2023-08-23,63702.0,175411.0,26354.0,49805.0,17651.0,1788.0
2023-08-24,50523.0,173755.0,22915.0,45775.0,18176.0,999.0
2023-08-25,47323.0,174899.0,20313.0,48975.0,15512.0,871.0
2023-08-26,46964.0,177781.0,20509.0,50856.0,10283.0,4767.0
2023-08-27,53105.0,207933.0,23858.0,49759.0,16358.0,3774.0
2023-08-28,75794.0,253384.0,28830.0,48645.0,15289.0,1507.0
2023-08-29,63687.0,217645.0,22801.0,49025.0,17071.0,8619.0
2023-08-30,59224.0,182655.0,23391.0,49240.0,19049.0,6358.0
2023-08-31,54432.0,179060.0,25876.0,46025.0,24852.0,13421.0
2023-09-01,45439.0,146118.0,27028.0,30931.0,9161.0,14700.0
2023-09-02,44953.0,115049.0,25738.0,33174.0,9237.0,7827.0
2023-09-03,46827.0,88566.0,22666.0,45350.0,5835.0,13427.0
2023-09-04,45225.0,89320.0,22220.0,49155.0,19744.0,3884.0
2023-09-05,51259.0,122670.0,23605.0,48545.0,17572.0,2309.0
2023-09-06,65027.0,117913.0,23822.0,48410.0,19653.0,8903.0
2023-09-07,57070.0,125240.0,25709.0,48805.0,10531.0,8675.0
2023-09-08,59177.0,150009.0,25338.0,45090.0,25289.0,11971.0
2023-09-09,58244.0,187904.0,26791.0,44040.0,10047.0,7061.0
2023-09-10,67464.0,216029.0,30285.0,23395.0,13707.0,8020.0
2023-09-11,59173.0,210194.0,27599.0,37815.0,17917.0,679.0
2023-09-12,55381.0,143348.0,24074.0,40605.0,14993.0,6216.0
2023-09-13,79205.0,113406.0,21738.0,40575.0,20903.0,5737.0
2023-09-14,82946.0,109319.0,23437.0,38760.0,24441.0,2388.0
2023-09-15,59128.0,152875.0,22829.0,42367.0,11365.0,535.0
2023-09-16,47078.0,132706.0,20445.0,44846.0,3751.0,384.0
2023-09-17,45220.0,101172.0,21215.0,44622.0,15021.0,2017.0
2023-09-18,51432.0,106844.0,21146.0,45295.0,16742.0,4318.0
2023-09-19,51919.0,90336.0,20422.0,44595.0,18892.0,9320.0
2023-09-20,52427.0,76507.0,19910.0,40110.0,6875.0,14229.0
2023-09-21,48716.0,69358.0,20155.0,46320.0,2066.0,17576.0
2023-09-22,50561.0,66138.0,13393.0,39680.0,15243.0,5887.0
2023-09-23,44898.0,51960.0,0.0,35015.0,4893.0,1264.0
2023-09-24,55426.0,71951.0,0.0,44295.0,8586.0,6408.0
2023-09-25,61501.0,105422.0,11368.0,43875.0,11155.0,3611.0
2023-09-26,55726.0,101422.0,20079.0,43525.0,10511.0,6241.0
2023-09-27,58921.0,73147.0,18014.0,42600.0,13968.0,16636.0
2023-09-28,58403.0,55530.0,19802.0,43375.0,25120.0,14627.0
2023-09-29,51563.0,58725.0,19669.0,43910.0,12611.0,16868.0
2023-09-30,50391.0,56654.0,19037.0,19220.0,18952.0,22865.0
2023-10-01,51033.0,59498.0,17603.0,37290.0,28466.0,12059.0
2023-10-02,51741.0,71124.0,18812.0,39765.0,15024.0,4279.0
2023-10-03,52058.0,91036.0,20069.0,42680.0,12661.0,1279.0
2023-10-04,52433.0,114757.0,18988.0,43240.0,9851.0,3614.0
2023-10-05,60365.0,141110.0,20606.0,42030.0,11799.0,4729.0
2023-10-06,63491.0,141647.0,21623.0,42450.0,20735.0,2992.0
2023-10-07,65078.0,127395.0,21702.0,41160.0,21100.0,472.0
2023-10-08,63034.0,135655.0,20425.0,40695.0,23238.0,581.0
2023-10-09,61180.0,126966.0,19748.0,36260.0,13326.0,3825.0
2023-10-10,61054.0,121675.0,17002.0,41615.0,3700.0,19067.0
2023-10-11,55939.0,94228.0,17314.0,42100.0,12106.0,13130.0
2023-10-12,59046.0,99397.0,15795.0,42330.0,7783.0,1801.0
2023-10-13,58435.0,109111.0,15876.0,35770.0,22032.0,121.0
2023-10-14,53375.0,105221.0,14804.0,35350.0,19453.0,385.0
2023-10-15,60816.0,111829.0,15872.0,39595.0,9474.0,595.0
2023-10-16,65075.0,137312.0,17818.0,39295.0,10606.0,2428.0
2023-10-17,60676.0,142495.0,17170.0,38680.0,10916.0,4487.0
2023-10-18,60448.0,137172.0,18214.0,38370.0,13944.0,2818.0
2023-10-19,63893.0,155000.0,19320.0,37810.0,14877.0,307.0
2023-10-20,64626.0,159345.0,19087.0,35505.0,13123.0,529.0
2023-10-21,63618.0,118703.0,20197.0,36910.0,18961.0,1600.0
2023-10-22,60469.0,102398.0,17840.0,38155.0,7677.0,9736.0
2023-10-23,69071.0,114172.0,17310.0,36860.0,8989.0,4197.0
2023-10-24,59744.0,124472.0,20769.0,36660.0,5502.0,2287.0
2023-10-25,61306.0,106126.0,19184.0,34840.0,589.0,27351.0
2023-10-26,56972.0,106166.0,20498.0,36495.0,2501.0,17127.0
2023-10-27,62229.0,91867.0,21069.0,30890.0,9419.0,4919.0
2023-10-28,57947.0,74208.0,20070.0,37750.0,6661.0,13550.0
2023-10-29,58170.0,61749.0,20712.0,38555.0,9494.0,11800.0
2023-10-30,60350.0,96883.0,21092.0,38280.0,10807.0,2748.0
2023-10-31,59085.0,100036.0,21139.0,36935.0,12803.0,1106.0
2023-11-01,40099.0,97147.0,20634.0,36535.0,11788.0,385.0
2023-11-02,34028.0,91763.0,21082.0,35635.0,8694.0,1123.0
2023-11-03,34696.0,75369.0,22409.0,35635.0,8972.0,890.0
2023-11-04,33225.0,76955.0,22725.0,35635.0,8015.0,575.0
2023-11-05,1804.0,4672.0,1418.0,0.0,231.0,2.0
2023-11-06,27829.0,72363.0,20902.0,34535.0,4830.0,22885.0
2023-11-07,30232.0,76164.0,18924.0,34610.0,11170.0,10993.0
2023-11-08,31456.0,72043.0,20999.0,36090.0,12570.0,9487.0
2023-11-09,33391.0,86767.0,23464.0,35000.0,8514.0,3375.0
2023-11-10,31299.0,85903.0,22884.0,31875.0,12162.0,250.0
2023-11-11,29362.0,79006.0,19538.0,34025.0,12892.0,465.0
2023-11-12,31408.0,76452.0,18867.0,33600.0,12020.0,338.0
2023-11-13,32691.0,93746.0,21594.0,19800.0,18526.0,7985.0
2023-11-14,28517.0,94617.0,23665.0,31775.0,16930.0,7184.0
2023-11-15,38363.0,119430.0,26874.0,11965.0,21493.0,7354.0
2023-11-16,34633.0,96402.0,25337.0,20005.0,7488.0,11894.0
2023-11-17,39107.0,100998.0,24547.0,24945.0,12126.0,483.0
2023-11-18,35160.0,87722.0,22266.0,29955.0,4650.0,11546.0
2023-11-19,28128.0,61686.0,20479.0,32735.0,3855.0,15518.0
2023-11-20,31215.0,71623.0,22609.0,33120.0,8538.0,11032.0
2023-11-21,32457.0,94894.0,23050.0,32345.0,12949.0,1216.0
2023-11-22,31402.0,88375.0,23470.0,30475.0,13499.0,235.0
2023-11-23,28180.0,75800.0,21717.0,23360.0,4609.0,1992.0
2023-11-24,26147.0,83600.0,20884.0,28275.0,13338.0,2729.0
2023-11-25,26629.0,88492.0,21825.0,32065.0,23170.0,2860.0
2023-11-26,32297.0,101133.0,21868.0,25810.0,14402.0,856.0
2023-11-27,36459.0,107062.0,23476.0,30200.0,13529.0,1423.0
2023-11-28,44527.0,92064.0,22934.0,29310.0,17955.0,30.0
2023-11-29,32901.0,114464.0,24430.0,24435.0,10005.0,1418.0
2023-11-30,33160.0,147792.0,26626.0,17160.0,9982.0,4249.0
2023-12-01,29062.0,113626.0,23292.0,29390.0,7397.0,9675.0
2023-12-02,29667.0,65739.0,21610.0,27385.0,6097.0,18677.0
2023-12-03,27791.0,88848.0,21670.0,25115.0,13884.0,15665.0
2023-12-04,31150.0,138914.0,23896.0,26340.0,10497.0,1276.0
2023-12-05,33947.0,129732.0,23742.0,28710.0,11642.0,28.0
2023-12-06,30509.0,105332.0,24233.0,28050.0,3985.0,12025.0
2023-12-07,31598.0,96107.0,21737.0,22515.0,2236.0,18168.0
2023-12-08,27096.0,108030.0,23912.0,28140.0,4634.0,8844.0
2023-12-09,28288.0,126043.0,22856.0,29355.0,7941.0,1885.0
2023-12-10,28587.0,128031.0,23409.0,25900.0,7255.0,245.0
2023-12-11,32139.0,158822.0,27214.0,21785.0,16482.0,1778.0
2023-12-12,31045.0,161786.0,25307.0,28425.0,11995.0,3128.0
2023-12-13,34128.0,139283.0,24995.0,28275.0,17734.0,3044.0
2023-12-14,33691.0,146811.0,26378.0,27490.0,23899.0,110.0
2023-12-15,32252.0,142929.0,18740.0,25810.0,8777.0,1069.0
2023-12-16,30343.0,132321.0,0.0,25855.0,9280.0,81.0
2023-12-17,30796.0,132980.0,0.0,17650.0,8787.0,1180.0
2023-12-18,31297.0,169651.0,13902.0,20215.0,7355.0,4858.0
2023-12-19,32381.0,160797.0,27856.0,14345.0,8865.0,8030.0
2023-12-20,31609.0,139020.0,28549.0,17775.0,16659.0,490.0
2023-12-21,28079.0,130984.0,31790.0,11535.0,19466.0,1129.0
2023-12-22,29075.0,109722.0,20361.0,4030.0,10257.0,888.0
2023-12-23,27211.0,104267.0,22242.0,25695.0,11104.0,7946.0
2023-12-24,32014.0,96096.0,21904.0,28210.0,12111.0,1054.0
2023-12-25,32176.0,93232.0,20972.0,25735.0,5563.0,1275.0
2023-12-26,37248.0,96691.0,22860.0,19020.0,7258.0,665.0
2023-12-27,32749.0,136831.0,25800.0,18820.0,7117.0,285.0
2023-12-28,32010.0,123760.0,24467.0,26715.0,7120.0,780.0
2023-12-29,34835.0,110434.0,24178.0,22025.0,5947.0,9.0
2023-12-30,32315.0,98660.0,22563.0,16865.0,5990.0,1592.0
2023-12-31,33549.0,119569.0,23625.0,15540.0,2083.0,466.0
2024-01-01,30161.0,114960.0,22354.0,27205.0,8288.0,353.0
2024-01-02,29668.0,118862.0,24200.0,23835.0,15822.0,169.0
2024-01-03,30254.0,146663.0,26767.0,16740.0,11614.0,7207.0
2024-01-04,26602.0,123349.0,24921.0,29925.0,13891.0,5059.0
2024-01-05,25629.0,128972.0,25864.0,24440.0,7781.0,1209.0
2024-01-06,25544.0,108641.0,24938.0,19885.0,5809.0,12718.0
2024-01-07,24459.0,94280.0,23769.0,29285.0,15633.0,14306.0
2024-01-08,26168.0,130282.0,25624.0,30765.0,12944.0,4633.0
2024-01-09,54785.0,99839.0,24392.0,23115.0,7458.0,21074.0
2024-01-10,53693.0,91467.0,24323.0,30580.0,7251.0,21164.0
2024-01-11,27009.0,96907.0,24262.0,32215.0,11122.0,7163.0
2024-01-12,28487.0,88487.0,26036.0,24730.0,14567.0,33627.0
2024-01-13,30891.0,91182.0,25522.0,26360.0,15447.0,26668.0
2024-01-14,36909.0,74860.0,25194.0,23660.0,14099.0,16895.0
2024-01-15,35894.0,100226.0,28929.0,24255.0,8802.0,3264.0
2024-01-16,39199.0,91750.0,27881.0,29760.0,12313.0,1486.0
2024-01-17,30365.0,67631.0,26760.0,20400.0,7699.0,25649.0
2024-01-18,27859.0,87151.0,27183.0,28950.0,8776.0,4494.0
2024-01-19,34306.0,139991.0,29774.0,17235.0,8982.0,3.0
2024-01-20,38352.0,135519.0,29180.0,10850.0,4917.0,6894.0
2024-01-21,25255.0,98079.0,26945.0,20945.0,1695.0,7764.0
2024-01-22,31483.0,138936.0,29831.0,4580.0,11719.0,4906.0
2024-01-23,26649.0,112251.0,27933.0,26675.0,14081.0,2712.0
2024-01-24,30402.0,140596.0,28517.0,14830.0,9475.0,4629.0
2024-01-25,27351.0,92524.0,26049.0,31495.0,10382.0,11891.0
2024-01-26,27573.0,103695.0,25788.0,33780.0,4811.0,3291.0
2024-01-27,24197.0,75872.0,25925.0,32965.0,7524.0,581.0
2024-01-28,26564.0,67852.0,25007.0,31060.0,9208.0,1689.0
2024-01-29,28760.0,76166.0,26863.0,33700.0,8853.0,2488.0
2024-01-30,24700.0,76880.0,24766.0,32085.0,10257.0,97.0
2024-01-31,26192.0,104118.0,27181.0,20565.0,6820.0,6861.0
2024-02-01,28901.0,119558.0,27160.0,6495.0,3421.0,11923.0
2024-02-02,27816.0,93304.0,24578.0,28656.0,9068.0,15672.0
2024-02-03,28868.0,75362.0,22072.0,32129.0,12104.0,6694.0
2024-02-04,33359.0,80542.0,26547.0,7330.0,13941.0,2510.0
2024-02-05,31810.0,153408.0,26494.0,4845.0,12425.0,11672.0
2024-02-06,27582.0,148194.0,25224.0,7415.0,17319.0,4007.0
2024-02-07,27917.0,94085.0,21782.0,27890.0,7658.0,27164.0
2024-02-08,26889.0,94602.0,25543.0,30475.0,11664.0,9566.0
2024-02-09,27402.0,106577.0,25672.0,26625.0,11618.0,9946.0
2024-02-10,25991.0,101778.0,24291.0,34505.0,18026.0,9894.0
2024-02-11,26317.0,92074.0,24141.0,36025.0,14559.0,676.0
2024-02-12,28033.0,88941.0,25007.0,36065.0,15600.0,129.0
2024-02-13,32103.0,102971.0,24729.0,33785.0,8650.0,9817.0
2024-02-14,24862.0,104518.0,24623.0,29975.0,9099.0,20475.0
2024-02-15,26582.0,101484.0,24947.0,31030.0,8018.0,17907.0
2024-02-16,26060.0,99614.0,24968.0,29565.0,8610.0,3188.0
2024-02-17,27676.0,92550.0,23976.0,28700.0,12619.0,3453.0
2024-02-18,26755.0,79108.0,23240.0,35495.0,12169.0,11629.0
2024-02-19,24473.0,77796.0,24850.0,18415.0,8531.0,14207.0
2024-02-20,27981.0,95043.0,29425.0,6825.0,18022.0,9265.0
2024-02-21,27849.0,85711.0,24376.0,29980.0,8796.0,11455.0
2024-02-22,27560.0,60124.0,22512.0,37420.0,7142.0,1520.0
2024-02-23,27842.0,69843.0,23801.0,27445.0,9816.0,2344.0
2024-02-24,24612.0,46533.0,23341.0,26125.0,10003.0,2964.0
2024-02-25,27190.0,38775.0,19284.0,28735.0,11206.0,22567.0
2024-02-26,28400.0,41733.0,23118.0,26065.0,7444.0,29182.0
2024-02-27,28074.0,59611.0,21166.0,38835.0,6249.0,14215.0
2024-02-28,29720.0,63931.0,20817.0,39345.0,10279.0,481.0
2024-02-29,26392.0,63127.0,20066.0,38520.0,1577.0,21135.0
2024-03-01,25534.0,43499.0,19604.0,42320.0,12977.0,31192.0
2024-03-02,27958.0,53352.0,20425.0,34105.0,11744.0,22146.0
2024-03-03,27617.0,65635.0,21814.0,40995.0,10680.0,20843.0
2024-03-04,27330.0,75627.0,22869.0,41495.0,8982.0,9301.0
2024-03-05,27043.0,84750.0,22245.0,45815.0,6457.0,9691.0
2024-03-06,29118.0,96156.0,23726.0,36563.0,15680.0,8884.0
2024-03-07,28940.0,87256.0,22347.0,43385.0,10092.0,9750.0
2024-03-08,35103.0,80173.0,22916.0,47017.0,5543.0,9924.0
2024-03-09,26438.0,74367.0,21869.0,42740.0,7102.0,3201.0
2024-03-10,27073.0,68249.0,20764.0,34103.0,6890.0,14993.0
2024-03-11,29313.0,67472.0,21242.0,38373.0,11535.0,21451.0
2024-03-12,26397.0,66308.0,20257.0,31204.0,6446.0,22796.0
2024-03-13,27479.0,72513.0,20103.0,43790.0,6849.0,13023.0
2024-03-14,23993.0,85724.0,22747.0,40190.0,9343.0,15577.0
2024-03-15,27500.0,90437.0,20135.0,12940.0,13072.0,11015.0
2024-03-16,28446.0,87557.0,0.0,25180.0,4732.0,2330.0
2024-03-17,26814.0,82834.0,0.0,41565.0,4758.0,2514.0
2024-03-18,29142.0,98306.0,0.0,39680.0,6582.0,3368.0
2024-03-19,27278.0,95186.0,0.0,47890.0,9916.0,1475.0
2024-03-20,23692.0,69611.0,0.0,47800.0,13163.0,6906.0
2024-03-21,24791.0,62566.0,8882.0,48150.0,14439.0,12713.0
2024-03-22,25705.0,59099.0,22099.0,41035.0,11663.0,14324.0
2024-03-23,24988.0,51407.0,19248.0,39921.0,13519.0,27377.0
2024-03-24,24501.0,40497.0,18213.0,26634.0,19742.0,7581.0
2024-03-25,21226.0,55979.0,19960.0,47405.0,12541.0,6225.0
2024-03-26,24815.0,62125.0,20550.0,48355.0,9126.0,8205.0
2024-03-27,23458.0,62832.0,21056.0,48150.0,23442.0,12547.0
2024-03-28,22432.0,59542.0,19643.0,44610.0,13865.0,29411.0
2024-03-29,21320.0,63995.0,20920.0,38875.0,7191.0,7098.0
2024-03-30,25369.0,98597.0,24470.0,15855.0,10087.0,20916.0
2024-03-31,21366.0,84432.0,20697.0,34680.0,6705.0,24899.0
2024-04-01,883.0,103278.0,22031.0,46080.0,11896.0,1913.0
2024-04-02,0.0,106832.0,21152.0,49260.0,12072.0,1002.0
2024-04-03,0.0,97363.0,22091.0,51360.0,11151.0,1503.0
2024-04-04,0.0,107954.0,21853.0,46010.0,12690.0,2257.0
2024-04-05,0.0,94754.0,19537.0,40380.0,11052.0,5687.0
2024-04-06,0.0,74660.0,19357.0,53000.0,15730.0,3370.0
2024-04-07,0.0,94470.0,19295.0,48382.0,10327.0,3834.0
2024-04-08,0.0,114520.0,20909.0,50202.0,14195.0,2468.0
2024-04-09,0.0,111506.0,21101.0,51034.0,12000.0,812.0
2024-04-10,8.0,100066.0,21721.0,51927.0,17046.0,713.0
2024-04-11,202.0,55398.0,22611.0,1890.0,5536.0,277.0
2024-04-12,,,20974.0,,,
2024-04-13,,,19420.0,,,
2024-04-14,31765.0,61925.0,20134.0,44920.0,6126.0,20256.0
2024-04-15,25366.0,46519.0,18701.0,52530.0,18478.0,9004.0
2024-04-16,27116.0,50023.0,20266.0,53563.0,23228.0,2750.0
2024-04-17,55266.0,50562.0,18661.0,48397.0,13078.0,15087.0
2024-04-18,48746.0,53643.0,19113.0,41055.0,11651.0,12807.0
2024-04-19,28418.0,59239.0,20206.0,51765.0,7466.0,8068.0
2024-04-20,26277.0,48439.0,18074.0,50160.0,7447.0,4927.0
2024-04-21,26766.0,60745.0,18895.0,50605.0,12683.0,4529.0
2024-04-22,26079.0,64237.0,22077.0,52360.0,23202.0,5434.0
2024-04-23,27042.0,60287.0,21963.0,53075.0,9904.0,14485.0
2024-04-24,28882.0,49132.0,19958.0,53045.0,6098.0,19154.0
2024-04-25,23375.0,56527.0,19992.0,51025.0,10042.0,18571.0
2024-04-26,22627.0,46203.0,19734.0,34475.0,12514.0,17109.0
2024-04-27,23024.0,43333.0,16659.0,51640.0,12275.0,3881.0
2024-04-28,24661.0,50015.0,19400.0,54030.0,17171.0,3189.0
2024-04-29,24532.0,36961.0,21145.0,54870.0,26303.0,23772.0
2024-04-30,25681.0,51510.0,21589.0,54580.0,20835.0,13168.0
2024-05-01,24362.0,59686.0,20888.0,55035.0,20167.0,14629.0
2024-05-02,27432.0,63267.0,22073.0,54628.0,15066.0,10737.0
2024-05-03,27725.0,58368.0,21355.0,54202.0,16567.0,17186.0
2024-05-04,24373.0,42647.0,20826.0,40830.0,12515.0,17493.0
2024-05-05,23323.0,38912.0,18156.0,50740.0,12137.0,20233.0
2024-05-06,24444.0,36023.0,19285.0,55500.0,14163.0,6470.0
2024-05-07,24977.0,62384.0,17112.0,55375.0,20787.0,20517.0
2024-05-08,21867.0,55813.0,19252.0,55940.0,20176.0,12164.0
2024-05-09,24249.0,83346.0,21088.0,56735.0,20394.0,9587.0
2024-05-10,23044.0,93169.0,22270.0,45710.0,21416.0,2662.0
2024-05-11,22676.0,78349.0,20657.0,50650.0,24664.0,5573.0
2024-05-12,22352.0,80612.0,19597.0,53660.0,26047.0,3536.0
2024-05-13,24299.0,79893.0,20746.0,52245.0,21029.0,5338.0
2024-05-14,22702.0,90602.0,19746.0,50810.0,9839.0,4189.0
2024-05-15,23809.0,79164.0,19534.0,49640.0,11830.0,7955.0
2024-05-16,24152.0,47630.0,26196.0,54295.0,26396.0,3234.0
2024-05-17,22476.0,46792.0,19544.0,53360.0,27738.0,10246.0
2024-05-18,21917.0,42151.0,17555.0,52275.0,19119.0,9657.0
2024-05-19,22221.0,18010.0,16470.0,55815.0,23205.0,16306.0
2024-05-20,23279.0,33027.0,16771.0,53975.0,20715.0,8687.0
2024-05-21,23342.0,41706.0,16772.0,55850.0,19066.0,3787.0
2024-05-22,25192.0,39636.0,16319.0,56240.0,19861.0,19078.0
2024-05-23,22001.0,37794.0,16729.0,56700.0,23451.0,13334.0
2024-05-24,23064.0,35841.0,16611.0,54945.0,21611.0,5536.0
2024-05-25,22366.0,32557.0,15689.0,57350.0,24292.0,8191.0
2024-05-26,22024.0,37848.0,17159.0,55520.0,19563.0,2990.0
2024-05-27,21008.0,60569.0,20319.0,54825.0,29826.0,2636.0
2024-05-28,21661.0,60289.0,21014.0,56241.0,27819.0,9777.0
2024-05-29,22538.0,52729.0,17533.0,56699.0,16393.0,12293.0
2024-05-30,24789.0,64477.0,20458.0,55460.0,23749.0,7109.0
2024-05-31,25496.0,69210.0,21181.0,57705.0,21340.0,4692.0
2024-06-01,27525.0,50063.0,19865.0,58555.0,12858.0,14094.0
2024-06-02,21560.0,50735.0,17591.0,56345.0,14011.0,18072.0
2024-06-03,24247.0,75820.0,19777.0,44695.0,14710.0,10815.0
2024-06-04,21850.0,82633.0,19031.0,56215.0,17479.0,7041.0
2024-06-05,25098.0,102143.0,22675.0,55520.0,18827.0,4879.0
2024-06-06,27980.0,122179.0,24625.0,49055.0,19648.0,2163.0
2024-06-07,24843.0,102169.0,20980.0,55400.0,13145.0,9539.0
2024-06-08,25187.0,88188.0,19406.0,56280.0,11064.0,3077.0
2024-06-09,23855.0,60092.0,18489.0,53215.0,15504.0,13228.0
2024-06-10,24305.0,72899.0,20038.0,58330.0,11936.0,6023.0
2024-06-11,27841.0,115516.0,21700.0,56155.0,3841.0,3200.0
2024-06-12,22159.0,113330.0,21727.0,57245.0,15015.0,16338.0
2024-06-13,21411.0,90521.0,22990.0,55485.0,14839.0,20672.0
2024-06-14,21040.0,60060.0,21124.0,57155.0,19472.0,13168.0
2024-06-15,21780.0,59288.0,20958.0,60940.0,14590.0,17222.0
2024-06-16,20942.0,51492.0,19120.0,59580.0,10846.0,11764.0
2024-06-17,20970.0,58962.0,19440.0,56370.0,8413.0,26333.0
2024-06-18,21108.0,96448.0,20100.0,57470.0,10545.0,10042.0
2024-06-19,20889.0,88818.0,21619.0,60326.0,16981.0,5620.0
2024-06-20,21610.0,95280.0,26158.0,59509.0,10340.0,3949.0
2024-06-21,22068.0,102964.0,14025.0,59640.0,13876.0,9616.0
2024-06-22,22988.0,132462.0,0.0,59250.0,16478.0,11261.0
2024-06-23,29745.0,155815.0,0.0,55740.0,19105.0,13053.0
2024-06-24,38801.0,91867.0,14374.0,29365.0,6640.0,9988.0
2024-06-25,,,28471.0,,,
2024-06-26,,,25332.0,,,
2024-06-27,,,23198.0,,,
2024-06-28,,,21000.0,,,
2024-06-29,,,21000.0,,,
2024-06-30,,,21000.0,,,
2024-07-01,,,21000.0,,,
2024-07-02,,,21000.0,,,
2024-07-03,,,21000.0,,,
2024-07-04,,,21000.0,,,
2024-07-05,,,21000.0,,,
2024-07-06,,,21000.0,,,
2024-07-07,,,21000.0,,,
2024-07-08,,,21000.0,,,
2024-07-09,,,21000.0,,,
2024-07-10,,,21000.0,,,
2024-07-11,,,27045.0,,,
2024-07-12,,,26923.0,,,
2024-07-13,,,27292.0,,,
2024-07-14,,,27139.0,,,
2024-07-15,57844.0,142942.0,26529.0,50250.0,23657.0,3864.0
2024-07-16,67388.0,143441.0,23253.0,54420.0,22821.0,3158.0
2024-07-17,67173.0,146024.0,20280.0,50925.0,20837.0,2272.0
2024-07-18,53290.0,200122.0,20280.0,49335.0,15082.0,4902.0
2024-07-19,44947.0,211290.0,23321.0,54905.0,19742.0,2996.0
2024-07-20,44400.0,194875.0,27049.0,57080.0,12560.0,5157.0
2024-07-21,45316.0,184294.0,26295.0,53185.0,14276.0,1709.0
2024-07-22,45539.0,202211.0,28699.0,52535.0,9724.0,1525.0
2024-07-23,70574.0,216356.0,28906.0,46080.0,14918.0,3821.0
2024-07-24,69589.0,231223.0,28737.0,53455.0,13187.0,7877.0
2024-07-25,56383.0,211721.0,28833.0,55295.0,13455.0,3828.0
2024-07-26,45593.0,160410.0,25481.0,57430.0,16580.0,5202.0
2024-07-27,43416.0,118351.0,24058.0,60670.0,9968.0,15533.0
2024-07-28,43784.0,100765.0,24193.0,59875.0,8891.0,18132.0
2024-07-29,45605.0,132702.0,25049.0,59380.0,10584.0,17206.0
2024-07-30,44189.0,115747.0,24372.0,56005.0,17272.0,16719.0
2024-07-31,44270.0,153967.0,27084.0,58260.0,15877.0,3561.0
2024-08-01,51453.0,203015.0,28598.0,44700.0,12972.0,1520.0
2024-08-02,54774.0,231075.0,29122.0,34965.0,14732.0,6635.0
2024-08-03,44715.0,174906.0,26213.0,55300.0,24541.0,7908.0
2024-08-04,52005.0,178521.0,25129.0,55000.0,21998.0,3601.0
2024-08-05,66944.0,237413.0,29104.0,52115.0,21847.0,9104.0
2024-08-06,47989.0,229748.0,27469.0,50700.0,13175.0,9666.0
2024-08-07,45090.0,228565.0,26339.0,51820.0,8917.0,14071.0
2024-08-08,53399.0,180143.0,25970.0,46365.0,7341.0,9823.0
2024-08-09,55903.0,191991.0,26819.0,53980.0,11498.0,9449.0
2024-08-10,50471.0,159686.0,25820.0,52730.0,14402.0,12513.0
2024-08-11,43966.0,158894.0,26158.0,55120.0,13156.0,17206.0
2024-08-12,51594.0,184112.0,27144.0,55905.0,15150.0,12088.0
2024-08-13,46215.0,161762.0,24532.0,56980.0,21088.0,14160.0
2024-08-14,44540.0,135987.0,24321.0,56765.0,14218.0,15635.0
2024-08-15,45283.0,156286.0,25334.0,56515.0,14969.0,17082.0
2024-08-16,45250.0,158085.0,26918.0,56295.0,19959.0,13914.0
2024-08-17,53597.0,101204.0,24947.0,54355.0,17564.0,7462.0
2024-08-18,51748.0,108353.0,24513.0,55720.0,18349.0,9311.0
2024-08-19,48104.0,183007.0,27058.0,54615.0,21069.0,5170.0
2024-08-20,47441.0,167884.0,26027.0,55425.0,27934.0,11750.0
2024-08-21,75530.0,152785.0,27294.0,53660.0,17139.0,18397.0
2024-08-22,44464.0,147584.0,25840.0,53035.0,5355.0,19744.0
2024-08-23,28105.0,103371.0,24597.0,56405.0,24438.0,22262.0
2024-08-24,27690.0,73099.0,23320.0,56490.0,10551.0,24872.0
2024-08-25,22167.0,89014.0,22754.0,53770.0,21648.0,15803.0
2024-08-26,39579.0,122069.0,25714.0,55135.0,20427.0,2179.0
2024-08-27,69272.0,132758.0,24424.0,53931.0,18706.0,3521.0
2024-08-28,66292.0,129055.0,24151.0,54684.0,11663.0,12899.0
2024-08-29,46388.0,110410.0,23154.0,55455.0,13706.0,4929.0
2024-08-30,45609.0,135316.0,22565.0,52400.0,5744.0,2250.0
2024-08-31,45654.0,153631.0,23646.0,51705.0,13218.0,1461.0
2024-09-01,45771.0,143810.0,23570.0,52275.0,21651.0,2490.0
2024-09-02,48784.0,144476.0,25193.0,52445.0,30137.0,4430.0
2024-09-03,73935.0,182877.0,25578.0,53068.0,20953.0,8129.0
2024-09-04,79927.0,228057.0,27384.0,55867.0,17254.0,5378.0
2024-09-05,97795.0,278878.0,28811.0,56655.0,21194.0,2987.0
2024-09-06,105504.0,298278.0,29052.0,50145.0,20440.0,692.0
2024-09-07,96419.0,276042.0,27606.0,46545.0,20069.0,943.0
2024-09-08,94102.0,262728.0,27350.0,50375.0,19214.0,5029.0
2024-09-09,101761.0,274165.0,28489.0,52985.0,15387.0,6070.0
2024-09-10,86593.0,200978.0,26825.0,52535.0,14691.0,10054.0
2024-09-11,65347.0,146172.0,22935.0,54490.0,9795.0,19508.0
2024-09-12,64371.0,104569.0,23551.0,53985.0,17788.0,10928.0
2024-09-13,68817.0,98109.0,22939.0,55600.0,14624.0,1491.0
2024-09-14,72460.0,76496.0,20603.0,53495.0,15671.0,5848.0
2024-09-15,57876.0,62197.0,20330.0,55215.0,14859.0,15911.0
2024-09-16,69587.0,56514.0,20155.0,56890.0,20089.0,21406.0
2024-09-17,65368.0,62562.0,19333.0,55510.0,17149.0,18701.0
2024-09-18,74134.0,60254.0,20648.0,54080.0,15179.0,2409.0
2024-09-19,80801.0,77092.0,21352.0,52575.0,10655.0,1924.0
2024-09-20,70462.0,97822.0,14589.0,36125.0,10292.0,3478.0
2024-09-21,75975.0,77767.0,0.0,52710.0,13889.0,4821.0
2024-09-22,78519.0,85695.0,0.0,51875.0,14866.0,863.0
2024-09-23,82127.0,111979.0,9552.0,51875.0,9829.0,1783.0
2024-09-24,84585.0,136175.0,21804.0,51960.0,10443.0,706.0
2024-09-25,96983.0,73474.0,19563.0,50550.0,11052.0,3325.0
2024-09-26,103154.0,62683.0,20002.0,51605.0,18203.0,3586.0
2024-09-27,101247.0,77824.0,20627.0,50870.0,16562.0,1224.0
2024-09-28,99624.0,87320.0,19366.0,49900.0,14779.0,1544.0
2024-09-29,92889.0,69717.0,18899.0,47095.0,11067.0,7244.0
2024-09-30,97300.0,103682.0,21011.0,48816.0,15555.0,4989.0
2024-10-01,99219.0,142409.0,22825.0,46804.0,14440.0,1891.0
2024-10-02,100431.0,169171.0,22097.0,47950.0,18698.0,631.0
2024-10-03,108599.0,154270.0,23566.0,46155.0,16567.0,737.0
2024-10-04,91033.0,164376.0,25315.0,42645.0,6672.0,10598.0
2024-10-05,89129.0,152331.0,24038.0,49535.0,11092.0,1817.0
2024-10-06,91888.0,168796.0,22804.0,47500.0,13430.0,947.0
2024-10-07,116564.0,215724.0,26561.0,46565.0,9669.0,754.0
2024-10-08,110275.0,175652.0,27015.0,44480.0,8082.0,1480.0
2024-10-09,101719.0,113565.0,23419.0,48800.0,7124.0,5078.0
2024-10-10,94583.0,127206.0,26472.0,40682.0,21365.0,10776.0
2024-10-11,113051.0,134802.0,26850.0,45243.0,12718.0,10719.0
2024-10-12,89278.0,108831.0,23320.0,52434.0,9335.0,12785.0
2024-10-13,83601.0,73729.0,22616.0,52323.0,9566.0,5397.0
2024-10-14,91417.0,76876.0,25050.0,51688.0,11963.0,1505.0
2024-10-15,99441.0,82582.0,25873.0,50429.0,12552.0,322.0
2024-10-16,114787.0,72462.0,23901.0,47861.0,9914.0,10042.0
2024-10-17,111055.0,51526.0,23474.0,50558.0,19770.0,20057.0
2024-10-18,88055.0,53508.0,23874.0,47527.0,13720.0,11663.0
2024-10-19,69969.0,46250.0,22388.0,48690.0,14895.0,7355.0
2024-10-20,86015.0,53326.0,21314.0,49700.0,11277.0,1578.0
2024-10-21,75024.0,53926.0,22842.0,47805.0,10275.0,14732.0
2024-10-22,72884.0,75767.0,24097.0,50049.0,263.0,8657.0
2024-10-23,93699.0,91376.0,24291.0,45536.0,5264.0,15198.0
2024-10-24,97325.0,47959.0,24101.0,34770.0,13826.0,14110.0
2024-10-25,88685.0,86159.0,24353.0,45052.0,6635.0,78.0
2024-10-26,92907.0,70722.0,23926.0,41142.0,6735.0,339.0
2024-10-27,80215.0,48648.0,23740.0,26291.0,4645.0,13546.0
2024-10-28,72083.0,57692.0,22542.0,44876.0,8156.0,24813.0
2024-10-29,90302.0,59903.0,22397.0,40723.0,15555.0,4324.0
2024-10-30,106692.0,65570.0,24064.0,44896.0,14565.0,594.0
2024-10-31,93217.0,57045.0,22421.0,44670.0,10585.0,18548.0
2024-11-01,104078.0,82347.0,24358.0,40808.0,19802.0,1648.0
2024-11-02,69847.0,83874.0,23404.0,33392.0,4352.0,9027.0
2024-11-03,38200.0,56665.0,23691.0,38363.0,6811.0,8928.0
2024-11-04,60594.0,84346.0,22806.0,37077.0,19397.0,6944.0
2024-11-05,90853.0,78857.0,24157.0,33680.0,18744.0,9669.0
2024-11-06,59388.0,50834.0,24177.0,28280.0,5598.0,5454.0
2024-11-07,75384.0,63087.0,24501.0,42306.0,23526.0,3705.0
2024-11-08,84659.0,103578.0,23848.0,40762.0,27629.0,1510.0
2024-11-09,65536.0,82474.0,22968.0,42662.0,12381.0,90.0
2024-11-10,79924.0,79101.0,22374.0,37493.0,16013.0,10242.0
2024-11-11,69310.0,78732.0,22408.0,41622.0,19194.0,23191.0
2024-11-12,68456.0,83219.0,22883.0,43115.0,12675.0,8972.0
2024-11-13,80687.0,95296.0,25056.0,33750.0,3875.0,8393.0
2024-11-14,92289.0,99380.0,24777.0,33345.0,2632.0,13588.0
2024-11-15,96426.0,77869.0,23184.0,37745.0,2988.0,18461.0
2024-11-16,61454.0,64029.0,22651.0,38655.0,4357.0,5058.0
2024-11-17,0.0,12360.0,22178.0,0.0,0.0,0.0
2024-11-18,71642.0,80000.0,23369.0,37743.0,2984.0,17915.0
2024-11-19,89967.0,97118.0,23885.0,36887.0,3052.0,630.0
2024-11-20,98706.0,96256.0,25145.0,39115.0,5914.0,8586.0
2024-11-21,95722.0,101222.0,24615.0,40245.0,3545.0,15140.0
2024-11-22,94029.0,90490.0,24117.0,39330.0,3938.0,16271.0
2024-11-23,64763.0,77054.0,22575.0,25810.0,11309.0,28960.0
2024-11-24,82160.0,74206.0,22255.0,28263.0,7177.0,7808.0
2024-11-25,124222.0,97292.0,26650.0,14726.0,2778.0,5141.0
2024-11-26,109673.0,81420.0,25941.0,20971.0,1830.0,14957.0
2024-11-27,114151.0,85149.0,24300.0,30199.0,989.0,4435.0
2024-11-28,116564.0,78521.0,22509.0,33509.0,7079.0,1002.0
2024-11-29,126862.0,98948.0,25133.0,21994.0,245.0,176.0
2024-11-30,114523.0,86583.0,22908.0,29205.0,0.0,34.0
2024-12-01,86748.0,99455.0,23434.0,29156.0,6092.0,381.0
2024-12-02,105650.0,112228.0,24817.0,33425.0,583.0,99.0
2024-12-03,118222.0,80900.0,26160.0,28725.0,5180.0,125.0
2024-12-04,117067.0,85265.0,26449.0,34973.0,7605.0,455.0
2024-12-05,132517.0,106120.0,26591.0,34959.0,4900.0,570.0
2024-12-06,104216.0,82968.0,26575.0,34572.0,1705.0,973.0
2024-12-07,101849.0,64892.0,24284.0,34552.0,2844.0,192.0
2024-12-08,78188.0,61406.0,15507.0,23210.0,1311.0,3649.0
2024-12-09,84637.0,76312.0,0.0,35181.0,0.0,6005.0
2024-12-10,112712.0,89196.0,0.0,34080.0,0.0,71.0
2024-12-11,131303.0,92958.0,0.0,23967.0,8227.0,4401.0
2024-12-12,123940.0,113372.0,0.0,19921.0,9320.0,16133.0
2024-12-13,104054.0,108010.0,0.0,34914.0,21374.0,11684.0
2024-12-14,74787.0,121710.0,0.0,24745.0,4609.0,25041.0
2024-12-15,63612.0,118090.0,0.0,34782.0,8757.0,5476.0
2024-12-16,101714.0,141364.0,0.0,28501.0,10848.0,12763.0
2024-12-17,85977.0,104539.0,8773.0,34292.0,7751.0,5702.0
2024-12-18,77066.0,77119.0,20922.0,36027.0,17097.0,10.0
2024-12-19,71656.0,109023.0,25267.0,31223.0,9327.0,70.0
2024-12-20,78470.0,88770.0,24801.0,36116.0,9464.0,195.0
2024-12-21,76363.0,60612.0,23774.0,36092.0,9985.0,12842.0
2024-12-22,83163.0,47217.0,24946.0,15199.0,16376.0,9173.0
2024-12-23,79556.0,62475.0,25168.0,28610.0,10554.0,21895.0
2024-12-24,91941.0,74018.0,25528.0,20539.0,4680.0,10926.0
2024-12-25,82632.0,22061.0,21251.0,28343.0,14224.0,31656.0
2024-12-26,86907.0,23498.0,24710.0,24949.0,24090.0,42536.0
2024-12-27,79685.0,25323.0,24115.0,29256.0,14394.0,51992.0
2024-12-28,71596.0,21890.0,21926.0,23190.0,7482.0,56540.0
2024-12-29,81189.0,18113.0,17893.0,36126.0,9784.0,63726.0
2024-12-30,72630.0,42867.0,21438.0,35733.0,16904.0,43495.0
2024-12-31,90511.0,52947.0,25553.0,38905.0,14534.0,13600.0
