Date,D,DF,NG,TI
2023-01-01,56952.0,56473.0,42005.0,-14947.0
2023-01-02,60069.0,51572.0,49484.0,-10585.0
2023-01-03,64278.0,53633.0,55668.0,-8610.0
2023-01-04,64455.0,62176.0,49418.0,-15037.0
2023-01-05,60312.0,62695.0,48704.0,-11608.0
2023-01-06,58605.0,63706.0,44964.0,-13641.0
2023-01-07,55202.0,59580.0,41766.0,-13436.0
2023-01-08,55345.0,58458.0,43543.0,-11802.0
2023-01-09,63346.0,59293.0,46520.0,-16826.0
2023-01-10,61408.0,62550.0,45988.0,-15420.0
2023-01-11,61528.0,64876.0,43880.0,-17648.0
2023-01-12,59397.0,65157.0,41084.0,-18313.0
2023-01-13,64383.0,62897.0,38683.0,-25700.0
2023-01-14,65056.0,60088.0,36910.0,-28146.0
2023-01-15,60873.0,57342.0,39877.0,-20996.0
2023-01-16,64863.0,59115.0,38644.0,-26219.0
2023-01-17,68050.0,59734.0,43358.0,-24692.0
2023-01-18,68354.0,65952.0,45317.0,-23037.0
2023-01-19,69319.0,65025.0,47640.0,-21679.0
2023-01-20,67916.0,64383.0,47597.0,-20319.0
2023-01-21,64484.0,60564.0,40146.0,-24338.0
2023-01-22,63179.0,59579.0,38610.0,-24569.0
2023-01-23,66388.0,65552.0,43935.0,-22453.0
2023-01-24,68072.0,64065.0,45589.0,-22483.0
2023-01-25,68093.0,63789.0,47532.0,-20561.0
2023-01-26,64464.0,61941.0,40871.0,-23593.0
2023-01-27,68246.0,61431.0,38023.0,-30223.0
2023-01-28,60227.0,57553.0,35399.0,-24828.0
2023-01-29,59665.0,55912.0,43487.0,-16178.0
2023-01-30,65929.0,63476.0,59006.0,-6923.0
2023-01-31,66714.0,64003.0,51046.0,-15668.0
2023-02-01,67950.0,64335.0,47745.0,-20205.0
2023-02-02,66682.0,64065.0,40585.0,-26097.0
2023-02-03,62756.0,61148.0,38192.0,-24564.0
2023-02-04,60889.0,56152.0,38496.0,-22393.0
2023-02-05,59430.0,53943.0,37846.0,-21584.0
2023-02-06,64279.0,59565.0,37686.0,-26593.0
2023-02-07,62834.0,60353.0,42145.0,-20689.0
2023-02-08,64367.0,60448.0,43120.0,-21247.0
2023-02-09,62990.0,60656.0,44462.0,-18528.0
2023-02-10,61129.0,58553.0,39447.0,-21682.0
2023-02-11,57985.0,53314.0,38805.0,-19180.0
2023-02-12,58249.0,53468.0,39123.0,-19126.0
2023-02-13,64899.0,58578.0,40850.0,-24049.0
2023-02-14,65280.0,58604.0,43849.0,-21431.0
2023-02-15,68269.0,61479.0,50151.0,-18118.0
2023-02-16,66594.0,63697.0,49472.0,-17122.0
2023-02-17,64330.0,62938.0,45408.0,-18922.0
2023-02-18,63462.0,57635.0,39833.0,-23629.0
2023-02-19,61484.0,56131.0,37235.0,-24249.0
2023-02-20,60396.0,58316.0,38738.0,-21658.0
2023-02-21,62510.0,59919.0,44688.0,-17822.0
2023-02-22,64563.0,63076.0,48998.0,-15565.0
2023-02-23,68793.0,65349.0,53838.0,-14955.0
2023-02-24,72708.0,66502.0,58566.0,-14142.0
2023-02-25,67949.0,64933.0,58530.0,-9419.0
2023-02-26,65933.0,62622.0,48983.0,-16950.0
2023-02-27,72538.0,65827.0,55005.0,-17533.0
2023-02-28,66685.0,68502.0,49185.0,-17500.0
2023-03-01,67840.0,70602.0,48502.0,-19338.0
2023-03-02,69261.0,67790.0,50462.0,-18799.0
2023-03-03,65588.0,64920.0,45042.0,-20546.0
2023-03-04,63010.0,59079.0,39513.0,-23497.0
2023-03-05,62559.0,57789.0,43716.0,-18843.0
2023-03-06,63791.0,65685.0,43377.0,-20414.0
2023-03-07,65266.0,63285.0,41408.0,-23858.0
2023-03-08,64953.0,62496.0,43237.0,-21716.0
2023-03-09,61832.0,61676.0,43734.0,-18098.0
2023-03-10,65677.0,61879.0,44719.0,-20958.0
2023-03-11,59308.0,55935.0,37056.0,-22252.0
2023-03-12,56682.0,,46595.0,-10087.0
2023-03-13,59472.0,59692.0,45159.0,-14313.0
2023-03-14,63110.0,60259.0,48676.0,-14434.0
2023-03-15,62772.0,58422.0,40558.0,-22214.0
2023-03-16,62552.0,60979.0,42636.0,-19916.0
2023-03-17,60027.0,59053.0,40082.0,-19945.0
2023-03-18,57796.0,54096.0,39274.0,-18522.0
2023-03-19,56832.0,53577.0,33941.0,-22891.0
2023-03-20,62804.0,57703.0,38624.0,-24180.0
2023-03-21,65748.0,57908.0,37822.0,-27926.0
2023-03-22,67063.0,61926.0,44051.0,-23012.0
2023-03-23,66711.0,62322.0,43228.0,-23483.0
2023-03-24,63700.0,59954.0,39758.0,-23942.0
2023-03-25,60581.0,54832.0,33466.0,-27115.0
2023-03-26,57425.0,53869.0,37657.0,-19768.0
2023-03-27,59769.0,59136.0,39553.0,-20216.0
2023-03-28,57699.0,59074.0,35979.0,-21720.0
2023-03-29,60152.0,59792.0,40173.0,-19979.0
2023-03-30,63480.0,60875.0,33440.0,-30040.0
2023-03-31,61015.0,59752.0,39262.0,-21753.0
2023-04-01,57908.0,54570.0,28979.0,-28929.0
2023-04-02,52410.0,52389.0,30185.0,-22225.0
2023-04-03,60453.0,59497.0,34422.0,-26031.0
2023-04-04,61157.0,59029.0,39169.0,-21988.0
2023-04-05,60293.0,59892.0,44509.0,-15784.0
2023-04-06,59904.0,59305.0,43473.0,-16431.0
2023-04-07,57149.0,53430.0,39719.0,-17430.0
2023-04-08,53136.0,52765.0,33671.0,-19465.0
2023-04-09,55786.0,58301.0,41983.0,-13803.0
2023-04-10,60730.0,64412.0,45541.0,-15189.0
2023-04-11,60011.0,56631.0,46256.0,-13755.0
2023-04-12,58892.0,57719.0,44464.0,-14428.0
2023-04-13,60471.0,57145.0,45057.0,-15414.0
2023-04-14,59071.0,57000.0,42824.0,-16247.0
2023-04-15,51628.0,53068.0,41508.0,-10120.0
2023-04-16,51915.0,51282.0,42587.0,-9328.0
2023-04-17,56472.0,56042.0,41743.0,-14729.0
2023-04-18,57963.0,56701.0,43428.0,-14535.0
2023-04-19,58251.0,56384.0,39521.0,-18730.0
2023-04-20,59845.0,57630.0,41609.0,-18236.0
2023-04-21,62167.0,61386.0,45980.0,-16187.0
2023-04-22,58916.0,57051.0,41409.0,-17507.0
2023-04-23,54302.0,52516.0,38880.0,-15422.0
2023-04-24,56476.0,55572.0,42270.0,-14206.0
2023-04-25,56363.0,56287.0,42752.0,-13611.0
2023-04-26,56150.0,59993.0,42587.0,-13563.0
2023-04-27,57988.0,60172.0,38434.0,-19554.0
2023-04-28,58743.0,58686.0,41741.0,-17002.0
2023-04-29,56378.0,57888.0,41547.0,-14831.0
2023-04-30,54230.0,53109.0,38629.0,-15601.0
2023-05-01,57276.0,57058.0,41188.0,-16088.0
2023-05-02,54702.0,60006.0,40598.0,-14104.0
2023-05-03,57099.0,58550.0,37669.0,-19430.0
2023-05-04,58443.0,58953.0,37012.0,-21431.0
2023-05-05,60146.0,56478.0,39335.0,-20811.0
2023-05-06,54979.0,49854.0,34759.0,-20220.0
2023-05-07,52482.0,47670.0,37409.0,-15073.0
2023-05-08,57971.0,56975.0,38408.0,-19563.0
2023-05-09,57573.0,56050.0,36967.0,-20606.0
2023-05-10,58845.0,55622.0,36711.0,-22134.0
2023-05-11,58519.0,55819.0,40014.0,-18505.0
2023-05-12,57887.0,56467.0,41551.0,-16336.0
2023-05-13,58070.0,55560.0,37972.0,-20098.0
2023-05-14,56834.0,52078.0,40290.0,-16544.0
2023-05-15,60296.0,59355.0,41097.0,-19199.0
2023-05-16,61385.0,58629.0,38161.0,-23224.0
2023-05-17,61826.0,60554.0,44120.0,-17706.0
2023-05-18,62481.0,58311.0,41846.0,-20635.0
2023-05-19,63408.0,57592.0,43390.0,-20018.0
2023-05-20,60103.0,52074.0,36314.0,-23789.0
2023-05-21,58631.0,50374.0,37954.0,-20677.0
2023-05-22,63154.0,56766.0,42179.0,-20975.0
2023-05-23,62174.0,55223.0,39861.0,-22313.0
2023-05-24,60845.0,57299.0,42420.0,-18425.0
2023-05-25,58887.0,57492.0,36912.0,-21975.0
2023-05-26,57783.0,55252.0,34257.0,-23526.0
2023-05-27,53586.0,48490.0,31899.0,-21687.0
2023-05-28,53115.0,46697.0,35017.0,-18098.0
2023-05-29,53044.0,51511.0,35293.0,-17751.0
2023-05-30,59609.0,55079.0,35250.0,-24359.0
2023-05-31,59807.0,51853.0,34578.0,-25229.0
2023-06-01,57255.0,55172.0,37919.0,-19336.0
2023-06-02,57091.0,54785.0,40886.0,-16205.0
2023-06-03,54680.0,52415.0,39193.0,-15487.0
2023-06-04,53285.0,50906.0,43795.0,-9490.0
2023-06-05,56802.0,56418.0,47801.0,-9001.0
2023-06-06,56708.0,56740.0,44587.0,-12121.0
2023-06-07,57588.0,56712.0,37601.0,-19987.0
2023-06-08,57227.0,55971.0,38801.0,-18426.0
2023-06-09,58113.0,55331.0,38156.0,-19957.0
2023-06-10,54808.0,52301.0,35413.0,-19395.0
2023-06-11,53395.0,51045.0,34230.0,-19165.0
2023-06-12,58286.0,56677.0,38683.0,-19603.0
2023-06-13,60858.0,56987.0,36738.0,-24120.0
2023-06-14,62546.0,57748.0,35289.0,-27257.0
2023-06-15,61309.0,58436.0,37292.0,-24017.0
2023-06-16,61285.0,57672.0,37408.0,-23877.0
2023-06-17,61943.0,55554.0,36645.0,-25298.0
2023-06-18,57646.0,52796.0,37812.0,-19834.0
2023-06-19,63418.0,56098.0,36814.0,-26604.0
2023-06-20,63556.0,54047.0,39048.0,-24508.0
2023-06-21,61788.0,58559.0,42977.0,-18811.0
2023-06-22,59577.0,56735.0,42617.0,-16960.0
2023-06-23,60524.0,54927.0,38059.0,-22465.0
2023-06-24,54991.0,51320.0,35778.0,-19213.0
2023-06-25,54118.0,50248.0,37637.0,-16481.0
2023-06-26,61102.0,60442.0,39757.0,-21345.0
2023-06-27,62672.0,60551.0,40807.0,-21865.0
2023-06-28,62211.0,58864.0,37846.0,-24365.0
2023-06-29,62911.0,60627.0,41567.0,-21344.0
2023-06-30,66255.0,64598.0,40890.0,-25365.0
2023-07-01,63731.0,60705.0,47799.0,-15932.0
2023-07-02,60877.0,57995.0,54470.0,-6407.0
2023-07-03,63629.0,68245.0,56937.0,-6692.0
2023-07-04,55299.0,63845.0,48941.0,-6358.0
2023-07-05,60128.0,63520.0,50019.0,-10109.0
2023-07-06,59384.0,58897.0,52793.0,-6591.0
2023-07-07,59492.0,61238.0,46606.0,-12886.0
2023-07-08,55544.0,58053.0,43650.0,-11894.0
2023-07-09,57402.0,57591.0,49615.0,-7787.0
2023-07-10,66531.0,67425.0,62568.0,-3963.0
2023-07-11,69772.0,69728.0,64755.0,-5017.0
2023-07-12,74169.0,70950.0,68793.0,-5376.0
2023-07-13,74964.0,71152.0,69695.0,-5269.0
2023-07-14,76352.0,72321.0,68117.0,-8235.0
2023-07-15,72523.0,72873.0,67022.0,-5501.0
2023-07-16,70392.0,73364.0,72799.0,2407.0
2023-07-17,80899.0,77831.0,81488.0,589.0
2023-07-18,82001.0,80123.0,70368.0,-11633.0
2023-07-19,80738.0,80192.0,75037.0,-5701.0
2023-07-20,85124.0,82074.0,77847.0,-7277.0
2023-07-21,79235.0,82472.0,65281.0,-13954.0
2023-07-22,71566.0,78269.0,62338.0,-9228.0
2023-07-23,66914.0,77686.0,65584.0,-1330.0
2023-07-24,88468.0,83250.0,67836.0,-20632.0
2023-07-25,94242.0,85501.0,76279.0,-17963.0
2023-07-26,93473.0,88183.0,81998.0,-11475.0
2023-07-27,86300.0,87412.0,75307.0,-10993.0
2023-07-28,83870.0,87381.0,73275.0,-10595.0
2023-07-29,85396.0,81622.0,68359.0,-17037.0
2023-07-30,81769.0,80022.0,65857.0,-15912.0
2023-07-31,87392.0,79637.0,77903.0,-9489.0
2023-08-01,86490.0,86071.0,73566.0,-12924.0
2023-08-02,81259.0,79514.0,68100.0,-13159.0
2023-08-03,75712.0,73655.0,58998.0,-16714.0
2023-08-04,74869.0,74137.0,56761.0,-18108.0
2023-08-05,77092.0,72459.0,59379.0,-17713.0
2023-08-06,75776.0,71505.0,63599.0,-12177.0
2023-08-07,79579.0,77667.0,65316.0,-14263.0
2023-08-08,77648.0,78328.0,61726.0,-15922.0
2023-08-09,79260.0,78004.0,62542.0,-16718.0
2023-08-10,74913.0,71696.0,60260.0,-14653.0
2023-08-11,72686.0,73108.0,60937.0,-11749.0
2023-08-12,71407.0,68277.0,57629.0,-13778.0
2023-08-13,68940.0,67002.0,64837.0,-4103.0
2023-08-14,76929.0,73153.0,74230.0,-2699.0
2023-08-15,79141.0,84303.0,77243.0,-1898.0
2023-08-16,82511.0,88689.0,76484.0,-6027.0
2023-08-17,80482.0,86260.0,70905.0,-9577.0
2023-08-18,80680.0,78091.0,60627.0,-20053.0
2023-08-19,67431.0,69670.0,51347.0,-16084.0
2023-08-20,64674.0,77277.0,56304.0,-8370.0
2023-08-21,66954.0,84045.0,54737.0,-12217.0
2023-08-22,75704.0,70346.0,59281.0,-16423.0
2023-08-23,79097.0,75171.0,67379.0,-11718.0
2023-08-24,74540.0,72672.0,62061.0,-12479.0
2023-08-25,71714.0,72233.0,61938.0,-9776.0
2023-08-26,70196.0,70780.0,61859.0,-8337.0
2023-08-27,74554.0,74619.0,71972.0,-2582.0
2023-08-28,93627.0,89744.0,84734.0,-8893.0
2023-08-29,97699.0,89433.0,75323.0,-22376.0
2023-08-30,91229.0,89259.0,67999.0,-23230.0
2023-08-31,84420.0,82648.0,68353.0,-16067.0
2023-09-01,76904.0,75435.0,53653.0,-23251.0
2023-09-02,67529.0,69813.0,47211.0,-20318.0
2023-09-03,63232.0,59725.0,44496.0,-18736.0
2023-09-04,62089.0,61585.0,46477.0,-15612.0
2023-09-05,69303.0,66712.0,53436.0,-15867.0
2023-09-06,70315.0,66445.0,56473.0,-13842.0
2023-09-07,74568.0,67789.0,55449.0,-19119.0
2023-09-08,78338.0,76437.0,63500.0,-14838.0
2023-09-09,82402.0,78645.0,67156.0,-15246.0
2023-09-10,83167.0,81569.0,71768.0,-11399.0
2023-09-11,85746.0,81738.0,70185.0,-15561.0
2023-09-12,79737.0,81390.0,56499.0,-23238.0
2023-09-13,70805.0,72909.0,56530.0,-14275.0
2023-09-14,66882.0,69639.0,56515.0,-10367.0
2023-09-15,65362.0,68414.0,57861.0,-7501.0
2023-09-16,58696.0,60350.0,48876.0,-9820.0
2023-09-17,56793.0,59217.0,46148.0,-10645.0
2023-09-18,64510.0,62624.0,49335.0,-15175.0
2023-09-19,63158.0,64572.0,46824.0,-16334.0
2023-09-20,62201.0,62240.0,41599.0,-20602.0
2023-09-21,62303.0,60383.0,41087.0,-21216.0
2023-09-22,58911.0,58189.0,37495.0,-21416.0
2023-09-23,46891.0,54097.0,31006.0,-20662.0
2023-09-24,57486.0,54751.0,39774.0,-17712.0
2023-09-25,63659.0,65220.0,46982.0,-16677.0
2023-09-26,66568.0,64502.0,47428.0,-19140.0
2023-09-27,68292.0,67214.0,44910.0,-23382.0
2023-09-28,66662.0,66041.0,43327.0,-23335.0
2023-09-29,63667.0,64734.0,40276.0,-23391.0
2023-09-30,56987.0,53356.0,37805.0,-19182.0
2023-10-01,54241.0,49948.0,41002.0,-13239.0
2023-10-02,59048.0,58714.0,40252.0,-18796.0
2023-10-03,62006.0,61956.0,44492.0,-17514.0
2023-10-04,68944.0,68296.0,48729.0,-20215.0
2023-10-05,78196.0,72442.0,56410.0,-21786.0
2023-10-06,79551.0,74214.0,58705.0,-20846.0
2023-10-07,71316.0,68947.0,55121.0,-16195.0
2023-10-08,71424.0,69049.0,56580.0,-14844.0
2023-10-09,69878.0,76084.0,52073.0,-17805.0
2023-10-10,68797.0,71136.0,52920.0,-15877.0
2023-10-11,64293.0,67368.0,46668.0,-17625.0
2023-10-12,64016.0,71152.0,45126.0,-18890.0
2023-10-13,63694.0,72279.0,48423.0,-15271.0
2023-10-14,60318.0,57958.0,45702.0,-14616.0
2023-10-15,62357.0,58788.0,47758.0,-14599.0
2023-10-16,67522.0,69104.0,54330.0,-13192.0
2023-10-17,68495.0,68717.0,55201.0,-13294.0
2023-10-18,70873.0,70509.0,54268.0,-16605.0
2023-10-19,70399.0,74245.0,58451.0,-11948.0
2023-10-20,71620.0,72283.0,57976.0,-13644.0
2023-10-21,64901.0,65494.0,52076.0,-12825.0
2023-10-22,58303.0,58222.0,47274.0,-11029.0
2023-10-23,63520.0,63768.0,50204.0,-13316.0
2023-10-24,62554.0,60460.0,49964.0,-12590.0
2023-10-25,60719.0,60102.0,49783.0,-10936.0
2023-10-26,61307.0,59078.0,47651.0,-13656.0
2023-10-27,57479.0,57510.0,44230.0,-13249.0
2023-10-28,55455.0,52891.0,41646.0,-13809.0
2023-10-29,52858.0,50924.0,40191.0,-12667.0
2023-10-30,55682.0,56107.0,46202.0,-9480.0
2023-10-31,58999.0,59420.0,46108.0,-12891.0
2023-11-01,61066.0,60155.0,41181.0,-19885.0
2023-11-02,64155.0,59513.0,38133.0,-26022.0
2023-11-03,63485.0,60668.0,35431.0,-28054.0
2023-11-04,54847.0,54847.0,35426.0,
2023-11-06,62551.0,,38537.0,-24014.0
2023-11-07,62987.0,59574.0,36348.0,-26639.0
2023-11-08,61644.0,60297.0,36698.0,-24946.0
2023-11-09,63541.0,58269.0,38064.0,-25477.0
2023-11-10,60522.0,57308.0,36836.0,-23686.0
2023-11-11,59909.0,53214.0,35022.0,-24887.0
2023-11-12,59450.0,52671.0,34644.0,-24806.0
2023-11-13,60247.0,60465.0,38912.0,-21335.0
2023-11-14,61842.0,61201.0,40496.0,-21346.0
2023-11-15,61183.0,60653.0,45195.0,-15988.0
2023-11-16,61882.0,60732.0,39070.0,-22812.0
2023-11-17,60417.0,61189.0,40507.0,-19910.0
2023-11-18,59543.0,56012.0,38196.0,-21347.0
2023-11-19,60158.0,53782.0,32210.0,-27948.0
2023-11-20,59870.0,59841.0,35774.0,-24096.0
2023-11-21,61213.0,60161.0,39543.0,-21670.0
2023-11-22,59181.0,61772.0,37350.0,-21831.0
2023-11-23,54822.0,53292.0,31000.0,-23822.0
2023-11-24,56686.0,53842.0,35223.0,-21463.0
2023-11-25,55986.0,52439.0,38955.0,-17031.0
2023-11-26,54009.0,54611.0,39326.0,-14683.0
2023-11-27,59517.0,60577.0,42474.0,-17043.0
2023-11-28,59004.0,59890.0,41369.0,-17635.0
2023-11-29,60212.0,59277.0,41462.0,-18750.0
2023-11-30,60212.0,,47906.0,-12306.0
2023-12-01,62013.0,59877.0,42421.0,-19592.0
2023-12-02,59580.0,55813.0,33624.0,-25956.0
2023-12-03,57859.0,54262.0,38897.0,-18962.0
2023-12-04,61870.0,61300.0,46444.0,-15426.0
2023-12-05,62381.0,62724.0,45622.0,-16759.0
2023-12-06,62725.0,61220.0,40478.0,-22247.0
2023-12-07,63962.0,59344.0,38749.0,-25213.0
2023-12-08,63937.0,58884.0,40074.0,-23863.0
2023-12-09,60897.0,56086.0,43306.0,-17591.0
2023-12-10,58648.0,54315.0,42641.0,-16007.0
2023-12-11,62702.0,61366.0,51756.0,-10946.0
2023-12-12,64267.0,61360.0,52358.0,-11909.0
2023-12-13,64927.0,62381.0,49502.0,-15425.0
2023-12-14,63573.0,60904.0,51636.0,-11937.0
2023-12-15,63960.0,60490.0,45706.0,-18254.0
2023-12-16,58983.0,56150.0,39537.0,-19446.0
2023-12-17,57580.0,54238.0,38373.0,-19207.0
2023-12-18,62486.0,59086.0,49606.0,-12880.0
2023-12-19,63606.0,60896.0,50406.0,-13200.0
2023-12-20,64306.0,59931.0,46770.0,-17536.0
2023-12-21,63395.0,60619.0,44629.0,-18766.0
2023-12-22,60501.0,60583.0,34746.0,-25755.0
2023-12-23,58124.0,56015.0,39758.0,-18366.0
2023-12-24,55999.0,53396.0,38147.0,-17852.0
2023-12-25,54656.0,51951.0,35773.0,-18883.0
2023-12-26,59054.0,55834.0,36847.0,-22207.0
2023-12-27,60019.0,57073.0,44431.0,-15588.0
2023-12-28,60306.0,57927.0,42846.0,-17460.0
2023-12-29,60786.0,59807.0,39566.0,-21220.0
2023-12-30,58493.0,55478.0,35500.0,-22993.0
2023-12-31,58406.0,54420.0,38975.0,-19431.0
2024-01-01,56230.0,52663.0,40771.0,-15459.0
2024-01-02,62359.0,55475.0,42522.0,-19837.0
2024-01-03,63666.0,57135.0,47911.0,-15755.0
2024-01-04,67912.0,61624.0,44630.0,-23282.0
2024-01-05,66350.0,61577.0,42776.0,-23574.0
2024-01-06,62043.0,57843.0,39514.0,-22529.0
2024-01-07,60928.0,57476.0,40395.0,-20533.0
2024-01-08,66356.0,64522.0,46076.0,-20280.0
2024-01-09,67392.0,64985.0,46229.0,-21163.0
2024-01-10,67388.0,64511.0,45585.0,-21803.0
2024-01-11,66193.0,61738.0,39715.0,-26478.0
2024-01-12,66792.0,61621.0,43248.0,-23544.0
2024-01-13,60423.0,59639.0,43308.0,-17115.0
2024-01-14,58703.0,56917.0,38055.0,-20648.0
2024-01-15,58220.0,61592.0,40504.0,-17716.0
2024-01-16,61311.0,62458.0,40112.0,-21199.0
2024-01-17,65012.0,60545.0,35888.0,-29124.0
2024-01-18,62316.0,60270.0,36896.0,-25420.0
2024-01-19,61619.0,58506.0,46129.0,-15490.0
2024-01-20,60313.0,55532.0,45181.0,-15132.0
2024-01-21,57937.0,53580.0,35893.0,-22044.0
2024-01-22,65571.0,59760.0,44481.0,-21090.0
2024-01-23,61379.0,61246.0,42007.0,-19372.0
2024-01-24,62796.0,60225.0,45660.0,-17136.0
2024-01-25,64355.0,59974.0,40011.0,-24344.0
2024-01-26,63607.0,59605.0,39686.0,-23921.0
2024-01-27,59417.0,56214.0,33480.0,-25937.0
2024-01-28,56531.0,53902.0,32113.0,-24418.0
2024-01-29,61897.0,59472.0,35481.0,-26416.0
2024-01-30,62428.0,58864.0,33791.0,-28637.0
2024-01-31,61433.0,57995.0,38205.0,-23228.0
2024-02-01,65708.0,59815.0,39598.0,-26110.0
2024-02-02,63489.0,60244.0,39874.0,-23615.0
2024-02-03,61766.0,57894.0,35322.0,-26444.0
2024-02-04,63786.0,58524.0,33073.0,-30713.0
2024-02-05,69449.0,63443.0,48162.0,-21287.0
2024-02-06,70377.0,64754.0,45833.0,-24544.0
2024-02-07,69950.0,64307.0,41410.0,-28540.0
2024-02-08,70175.0,64250.0,39712.0,-30463.0
2024-02-09,68033.0,63913.0,41624.0,-26409.0
2024-02-10,63562.0,58766.0,42840.0,-20722.0
2024-02-11,62459.0,57006.0,38696.0,-23763.0
2024-02-12,67473.0,62737.0,38716.0,-28757.0
2024-02-13,66636.0,61589.0,42507.0,-24129.0
2024-02-14,66303.0,61251.0,42747.0,-23556.0
2024-02-15,64566.0,60045.0,41860.0,-22706.0
2024-02-16,61958.0,58473.0,38483.0,-23475.0
2024-02-17,59459.0,54114.0,37796.0,-21663.0
2024-02-18,56379.0,52644.0,37162.0,-19217.0
2024-02-19,60848.0,56826.0,34027.0,-26821.0
2024-02-20,66624.0,58999.0,37337.0,-29287.0
2024-02-21,64600.0,59579.0,37608.0,-26992.0
2024-02-22,65229.0,60459.0,31219.0,-34010.0
2024-02-23,60642.0,58810.0,32164.0,-28478.0
2024-02-24,57912.0,53939.0,26616.0,-31296.0
2024-02-25,57457.0,51797.0,29532.0,-27925.0
2024-02-26,62796.0,59017.0,31178.0,-31618.0
2024-02-27,61774.0,59688.0,33814.0,-27960.0
2024-02-28,59751.0,58499.0,32867.0,-26884.0
2024-02-29,60901.0,58467.0,34141.0,-26760.0
2024-03-01,62652.0,58007.0,34963.0,-27689.0
2024-03-02,59349.0,55782.0,34064.0,-25285.0
2024-03-03,58880.0,54104.0,37601.0,-21279.0
2024-03-04,61410.0,59180.0,37163.0,-24247.0
2024-03-05,60770.0,58554.0,39145.0,-21625.0
2024-03-06,63818.0,59826.0,42115.0,-21703.0
2024-03-07,62384.0,58865.0,40296.0,-22088.0
2024-03-08,59402.0,58600.0,40062.0,-19340.0
2024-03-09,55661.0,53529.0,35226.0,-20435.0
2024-03-10,56329.0,,35633.0,-20696.0
2024-03-11,60018.0,56894.0,38058.0,-21960.0
2024-03-12,58434.0,57412.0,34124.0,-24310.0
2024-03-13,58582.0,56189.0,37245.0,-21337.0
2024-03-14,58413.0,56215.0,39484.0,-18929.0
2024-03-15,57794.0,55502.0,34636.0,-23158.0
2024-03-16,53687.0,51107.0,29515.0,-24172.0
2024-03-17,52471.0,50227.0,31955.0,-20516.0
2024-03-18,58340.0,58155.0,35405.0,-22935.0
2024-03-19,57662.0,56287.0,36145.0,-21517.0
2024-03-20,56126.0,56116.0,32083.0,-24043.0
2024-03-21,59229.0,56094.0,34459.0,-24770.0
2024-03-22,56772.0,55181.0,35021.0,-21751.0
2024-03-23,55165.0,52508.0,34831.0,-20334.0
2024-03-24,54790.0,51154.0,27335.0,-27455.0
2024-03-25,58302.0,56845.0,33144.0,-25158.0
2024-03-26,59100.0,55612.0,34720.0,-24380.0
2024-03-27,57647.0,55988.0,38373.0,-19274.0
2024-03-28,59725.0,55345.0,37598.0,-22127.0
2024-03-29,57599.0,56047.0,31998.0,-25601.0
2024-03-30,56815.0,55395.0,39233.0,-17582.0
2024-03-31,56316.0,56372.0,38600.0,-17716.0
2024-04-01,61840.0,58521.0,36968.0,-24872.0
2024-04-02,63764.0,56434.0,38138.0,-25626.0
2024-04-03,62617.0,56805.0,36970.0,-25647.0
2024-04-04,60267.0,58787.0,37961.0,-22306.0
2024-04-05,62786.0,59894.0,33733.0,-29053.0
2024-04-06,58616.0,53623.0,33758.0,-24858.0
2024-04-07,58341.0,52050.0,35399.0,-22942.0
2024-04-08,60348.0,57453.0,40349.0,-19999.0
2024-04-09,62728.0,58322.0,39519.0,-23209.0
2024-04-10,62773.0,59377.0,38366.0,-24407.0
2024-04-11,19683.0,61356.0,15326.0,-4357.0
2024-04-12,4172.0,57833.0,4172.0,0.0
2024-04-13,3859.0,54199.0,3859.0,0.0
2024-04-14,57305.0,52657.0,38665.0,-18640.0
2024-04-15,57497.0,56387.0,33855.0,-23642.0
2024-04-16,59529.0,58434.0,35541.0,-23988.0
2024-04-17,56330.0,58277.0,40424.0,-15906.0
2024-04-18,53989.0,57638.0,36812.0,-17177.0
2024-04-19,57463.0,55343.0,35341.0,-22122.0
2024-04-20,52113.0,52499.0,30943.0,-21170.0
2024-04-21,54693.0,53339.0,35287.0,-19406.0
2024-04-22,58282.0,56937.0,38308.0,-19974.0
2024-04-23,57164.0,55946.0,37404.0,-19760.0
2024-04-24,56387.0,55202.0,35304.0,-21083.0
2024-04-25,59156.0,55867.0,35829.0,-23327.0
2024-04-26,55575.0,55030.0,30159.0,-25416.0
2024-04-27,51404.0,51975.0,30081.0,-21323.0
2024-04-28,53063.0,50591.0,34161.0,-18902.0
2024-04-29,58326.0,57888.0,37910.0,-20416.0
2024-04-30,59916.0,58230.0,37352.0,-22564.0
2024-05-01,57946.0,57313.0,38735.0,-19211.0
2024-05-02,56803.0,57641.0,38954.0,-17849.0
2024-05-03,57092.0,57107.0,38757.0,-18335.0
2024-05-04,51096.0,50794.0,31612.0,-19484.0
2024-05-05,48124.0,48624.0,32103.0,-16021.0
2024-05-06,54420.0,55092.0,31500.0,-22920.0
2024-05-07,55101.0,55986.0,40728.0,-14373.0
2024-05-08,54985.0,57509.0,37076.0,-17909.0
2024-05-09,55383.0,57134.0,43429.0,-11954.0
2024-05-10,56029.0,56838.0,41734.0,-14295.0
2024-05-11,54171.0,51919.0,40719.0,-13452.0
2024-05-12,52782.0,51853.0,40605.0,-12177.0
2024-05-13,56185.0,57821.0,40857.0,-15328.0
2024-05-14,55465.0,56602.0,39489.0,-15976.0
2024-05-15,57503.0,56159.0,37975.0,-19528.0
2024-05-16,55251.0,56301.0,36200.0,-19051.0
2024-05-17,59721.0,56889.0,36419.0,-23302.0
2024-05-18,56332.0,52122.0,32374.0,-23958.0
2024-05-19,53363.0,50941.0,30106.0,-23257.0
2024-05-20,57843.0,56247.0,31491.0,-26352.0
2024-05-21,56918.0,56045.0,32095.0,-24823.0
2024-05-22,59765.0,56105.0,35313.0,-24452.0
2024-05-23,59953.0,56302.0,33935.0,-26018.0
2024-05-24,58000.0,56144.0,31716.0,-26284.0
2024-05-25,53382.0,51292.0,31680.0,-21702.0
2024-05-26,51834.0,49916.0,31430.0,-20404.0
2024-05-27,51437.0,50431.0,38309.0,-13128.0
2024-05-28,58137.0,54859.0,38958.0,-19179.0
2024-05-29,59769.0,56746.0,35556.0,-24213.0
2024-05-30,59796.0,57933.0,39554.0,-20242.0
2024-05-31,58621.0,57245.0,39756.0,-18865.0
2024-06-01,55968.0,52203.0,36248.0,-19720.0
2024-06-02,53920.0,50791.0,36156.0,-17764.0
2024-06-03,58888.0,57603.0,37549.0,-21339.0
2024-06-04,64032.0,60591.0,41243.0,-22789.0
2024-06-05,67557.0,62951.0,46361.0,-21196.0
2024-06-06,65875.0,64912.0,48933.0,-16942.0
2024-06-07,63376.0,62087.0,45264.0,-18112.0
2024-06-08,59748.0,56236.0,40171.0,-19577.0
2024-06-09,57749.0,53218.0,36676.0,-21073.0
2024-06-10,62370.0,61074.0,39010.0,-23360.0
2024-06-11,63644.0,59250.0,46135.0,-17509.0
2024-06-12,64600.0,60936.0,48978.0,-15622.0
2024-06-13,64718.0,59986.0,44907.0,-19811.0
2024-06-14,68381.0,62586.0,38427.0,-29954.0
2024-06-15,68034.0,61306.0,38476.0,-29558.0
2024-06-16,64610.0,58331.0,34832.0,-29778.0
2024-06-17,69254.0,62655.0,37794.0,-31460.0
2024-06-18,67725.0,62150.0,43683.0,-24042.0
2024-06-19,65205.0,63240.0,42714.0,-22491.0
2024-06-20,67297.0,63604.0,43692.0,-23605.0
2024-06-21,69049.0,70781.0,44670.0,-24379.0
2024-06-22,70032.0,68316.0,48841.0,-21191.0
2024-06-23,74986.0,70976.0,55188.0,-19798.0
2024-06-24,46332.0,71276.0,35370.0,-10962.0
2024-06-25,12204.0,75423.0,5703.0,-6501.0
2024-06-26,6282.0,72211.0,5072.0,-1210.0
2024-06-27,4545.0,72314.0,4545.0,0.0
2024-06-28,4200.0,70412.0,4200.0,0.0
2024-06-29,4200.0,64812.0,4200.0,0.0
2024-06-30,4200.0,67682.0,4200.0,0.0
2024-07-01,4200.0,75604.0,4200.0,0.0
2024-07-02,4200.0,73277.0,4200.0,0.0
2024-07-03,4200.0,76219.0,4200.0,0.0
2024-07-04,4200.0,73624.0,4200.0,0.0
2024-07-05,4200.0,84780.0,4200.0,0.0
2024-07-06,4200.0,74812.0,4200.0,0.0
2024-07-07,4200.0,71285.0,4200.0,0.0
2024-07-08,4200.0,81429.0,4200.0,0.0
2024-07-09,4200.0,81457.0,4200.0,0.0
2024-07-10,4200.0,86386.0,4200.0,0.0
2024-07-11,5475.0,84498.0,5475.0,0.0
2024-07-12,7420.0,79749.0,5394.0,-2026.0
2024-07-13,5468.0,71568.0,5468.0,0.0
2024-07-14,5429.0,68866.0,5429.0,0.0
2024-07-15,60890.0,75291.0,60890.0,0.0
2024-07-16,62818.0,71290.0,62818.0,0.0
2024-07-17,61698.0,72879.0,61698.0,0.0
2024-07-18,68899.0,76350.0,68899.0,0.0
2024-07-19,71693.0,81362.0,71693.0,0.0
2024-07-20,68228.0,77789.0,68228.0,0.0
2024-07-21,64746.0,74701.0,64746.0,0.0
2024-07-22,78160.0,82766.0,68302.0,-9858.0
2024-07-23,77519.0,82706.0,77254.0,-265.0
2024-07-24,84249.0,83861.0,80424.0,-3825.0
2024-07-25,86463.0,87325.0,73040.0,-13423.0
2024-07-26,79187.0,84868.0,61849.0,-17338.0
2024-07-27,71122.0,69937.0,54196.0,-16926.0
2024-07-28,65774.0,61640.0,50916.0,-14858.0
2024-07-29,70074.0,69704.0,58790.0,-11284.0
2024-07-30,71071.0,66840.0,54369.0,-16702.0
2024-07-31,70005.0,69358.0,60765.0,-9240.0
2024-08-01,71498.0,72360.0,68754.0,-2744.0
2024-08-02,79304.0,80373.0,74330.0,-4974.0
2024-08-03,77742.0,78355.0,66656.0,-11086.0
2024-08-04,75534.0,76605.0,67592.0,-7942.0
2024-08-05,89031.0,85854.0,83749.0,-5282.0
2024-08-06,88343.0,87075.0,75187.0,-13156.0
2024-08-07,80930.0,80932.0,74811.0,-6119.0
2024-08-08,76690.0,76285.0,64703.0,-11987.0
2024-08-09,78115.0,76970.0,69982.0,-8133.0
2024-08-10,73656.0,74874.0,62754.0,-10902.0
2024-08-11,76698.0,73965.0,63060.0,-13638.0
2024-08-12,84960.0,81660.0,69448.0,-15512.0
2024-08-13,82942.0,77626.0,64664.0,-18278.0
2024-08-14,82025.0,76627.0,58463.0,-23562.0
2024-08-15,82518.0,77772.0,63053.0,-19465.0
2024-08-16,82651.0,79738.0,63454.0,-19197.0
2024-08-17,70709.0,72322.0,51541.0,-19168.0
2024-08-18,68981.0,69774.0,54263.0,-14718.0
2024-08-19,79518.0,75856.0,67936.0,-11582.0
2024-08-20,81111.0,80694.0,67280.0,-13831.0
2024-08-21,81450.0,81798.0,68824.0,-12626.0
2024-08-22,75905.0,75637.0,58897.0,-17008.0
2024-08-23,71027.0,72073.0,51253.0,-19774.0
2024-08-24,66681.0,60864.0,43031.0,-23650.0
2024-08-25,65436.0,61099.0,45558.0,-19878.0
2024-08-26,73178.0,75258.0,53373.0,-19805.0
2024-08-27,72983.0,74108.0,60629.0,-12354.0
2024-08-28,66623.0,72266.0,59421.0,-7202.0
2024-08-29,62938.0,70228.0,50805.0,-12133.0
2024-08-30,62908.0,70387.0,53168.0,-9740.0
2024-08-31,62228.0,68996.0,57999.0,-4229.0
2024-09-01,63510.0,72374.0,57627.0,-5883.0
2024-09-02,70148.0,69740.0,61377.0,-8771.0
2024-09-03,81876.0,80811.0,73803.0,-8073.0
2024-09-04,87449.0,85759.0,83188.0,-4261.0
2024-09-05,101363.0,92934.0,97893.0,-3470.0
2024-09-06,109172.0,102767.0,100609.0,-8563.0
2024-09-07,97367.0,97016.0,93167.0,-4200.0
2024-09-08,96502.0,97782.0,91964.0,-4538.0
2024-09-09,106970.0,90337.0,95722.0,-11248.0
2024-09-10,91157.0,81306.0,76852.0,-14305.0
2024-09-11,68674.0,75254.0,63256.0,-5418.0
2024-09-12,67904.0,70753.0,54643.0,-13261.0
2024-09-13,64826.0,67957.0,52398.0,-12428.0
2024-09-14,59633.0,60974.0,48921.0,-10712.0
2024-09-15,55147.0,55896.0,45020.0,-10127.0
2024-09-16,58132.0,64589.0,48870.0,-9262.0
2024-09-17,59149.0,59078.0,47616.0,-11533.0
2024-09-18,56068.0,59359.0,45858.0,-10210.0
2024-09-19,56810.0,58472.0,49058.0,-7752.0
2024-09-20,56287.0,59583.0,46089.0,-10198.0
2024-09-21,52767.0,56537.0,45222.0,-7545.0
2024-09-22,53402.0,60051.0,46134.0,-7268.0
2024-09-23,60746.0,73012.0,54410.0,-6336.0
2024-09-24,61238.0,70909.0,61001.0,-237.0
2024-09-25,60819.0,70856.0,50276.0,-10543.0
2024-09-26,59954.0,64777.0,52165.0,-7789.0
2024-09-27,58453.0,64196.0,53964.0,-4489.0
2024-09-28,54995.0,59505.0,54145.0,-850.0
2024-09-29,55560.0,58745.0,49635.0,-5925.0
2024-09-30,64036.0,64616.0,58759.0,-5277.0
2024-10-01,70676.0,71828.0,65743.0,-4933.0
2024-10-02,75496.0,78898.0,71819.0,-3677.0
2024-10-03,72221.0,78555.0,69660.0,-2561.0
2024-10-04,69029.0,75643.0,68007.0,-1022.0
2024-10-05,67518.0,69274.0,65621.0,-1897.0
2024-10-06,66296.0,69698.0,69750.0,3454.0
2024-10-07,71030.0,78100.0,82694.0,11664.0
2024-10-08,65641.0,73489.0,73208.0,7567.0
2024-10-09,67929.0,72116.0,59724.0,-8205.0
2024-10-10,62822.0,67638.0,64435.0,1613.0
2024-10-11,62556.0,65023.0,68853.0,6297.0
2024-10-12,57986.0,58932.0,59126.0,1140.0
2024-10-13,55602.0,59644.0,48799.0,-6803.0
2024-10-14,59039.0,66035.0,51605.0,-7434.0
2024-10-15,59201.0,62508.0,54416.0,-4785.0
2024-10-16,60799.0,58779.0,55473.0,-5326.0
2024-10-17,60133.0,59033.0,55573.0,-4560.0
2024-10-18,57918.0,58510.0,47187.0,-10731.0
2024-10-19,57083.0,53767.0,42079.0,-15004.0
2024-10-20,53815.0,54632.0,44852.0,-8963.0
2024-10-21,59564.0,59859.0,44241.0,-15323.0
2024-10-22,61646.0,61460.0,47184.0,-14462.0
2024-10-23,63645.0,63378.0,55137.0,-8508.0
2024-10-24,61319.0,62964.0,46110.0,-15209.0
2024-10-25,57932.0,60662.0,50550.0,-7382.0
2024-10-26,55868.0,56144.0,47116.0,-8752.0
2024-10-27,54582.0,55012.0,38692.0,-15890.0
2024-10-28,57881.0,59055.0,46195.0,-11686.0
2024-10-29,54190.0,55789.0,46833.0,-7357.0
2024-10-30,53945.0,58137.0,51638.0,-2307.0
2024-10-31,57040.0,54592.0,49087.0,-7953.0
2024-11-01,55511.0,57538.0,54927.0,-584.0
2024-11-02,42503.0,55023.0,42291.0,-212.0
2024-11-03,37618.0,52622.0,35153.0,-2465.0
2024-11-04,46819.0,56971.0,46287.0,-532.0
2024-11-05,56831.0,57891.0,51082.0,-5749.0
2024-11-06,33761.0,58491.0,33900.0,139.0
2024-11-07,42369.0,58504.0,47554.0,5185.0
2024-11-08,54206.0,58448.0,56069.0,1863.0
2024-11-09,55128.0,54629.0,45129.0,-9999.0
2024-11-10,53554.0,52761.0,49310.0,-4244.0
2024-11-11,56850.0,59009.0,50759.0,-6091.0
2024-11-12,59005.0,58297.0,47849.0,-11156.0
2024-11-13,57326.0,58435.0,49475.0,-7851.0
2024-11-14,57297.0,59181.0,53241.0,-4056.0
2024-11-15,57927.0,60363.0,51177.0,-6750.0
2024-11-16,49371.0,56724.0,38533.0,-10838.0
2024-11-17,16855.0,55584.0,6901.0,-9954.0
2024-11-18,57584.0,61303.0,47476.0,-10108.0
2024-11-19,56476.0,61055.0,50367.0,-6109.0
2024-11-20,57415.0,60469.0,54724.0,-2691.0
2024-11-21,56660.0,60763.0,56264.0,-396.0
2024-11-22,57269.0,59889.0,53581.0,-3688.0
2024-11-23,58478.0,57151.0,45789.0,-12689.0
2024-11-24,54352.0,54965.0,44532.0,-9820.0
2024-11-25,58123.0,60133.0,54243.0,-3880.0
2024-11-26,58980.0,60271.0,50768.0,-8212.0
2024-11-27,55898.0,60131.0,52095.0,-3803.0
2024-11-28,50995.0,53427.0,51757.0,762.0
2024-11-29,52627.0,54921.0,54674.0,2047.0
2024-11-30,52526.0,53079.0,50724.0,-1802.0
2024-12-01,49015.0,52091.0,49004.0,-11.0
2024-12-02,55921.0,57769.0,55346.0,-575.0
2024-12-03,58551.0,59704.0,51780.0,-6771.0
2024-12-04,58479.0,60117.0,54542.0,-3937.0
2024-12-05,58541.0,60136.0,61148.0,2607.0
2024-12-06,59423.0,59525.0,49970.0,-9453.0
2024-12-07,57179.0,55899.0,45649.0,-11530.0
2024-12-08,56623.0,54086.0,36618.0,-20005.0
2024-12-09,59535.0,60630.0,40507.0,-19028.0
2024-12-10,59615.0,60982.0,47257.0,-12358.0
2024-12-11,62065.0,61450.0,52250.0,-9815.0
2024-12-12,63040.0,63335.0,56612.0,-6428.0
2024-12-13,62063.0,62742.0,56166.0,-5897.0
2024-12-14,57967.0,58422.0,49968.0,-7999.0
2024-12-15,59383.0,56313.0,46045.0,-13338.0
2024-12-16,61141.0,61283.0,59332.0,-1809.0
2024-12-17,61736.0,61975.0,49088.0,-12648.0
2024-12-18,60680.0,61701.0,45402.0,-15278.0
2024-12-19,58392.0,60724.0,49724.0,-8668.0
2024-12-20,57749.0,60058.0,47423.0,-10326.0
2024-12-21,55017.0,56546.0,43988.0,-11029.0
2024-12-22,54817.0,55180.0,39117.0,-15700.0
2024-12-23,62805.0,60042.0,45671.0,-17134.0
2024-12-24,58072.0,56626.0,45598.0,-12474.0
2024-12-25,59797.0,55509.0,39862.0,-19935.0
2024-12-26,64142.0,58673.0,45445.0,-18697.0
2024-12-27,67274.0,58605.0,44871.0,-22403.0
2024-12-28,64061.0,57158.0,40511.0,-23550.0
2024-12-29,66840.0,56381.0,45406.0,-21434.0
2024-12-30,67279.0,59921.0,46746.0,-20533.0
2024-12-31,59620.0,57141.0,47162.0,-12458.0
